concept,style,color_0,count_0,color_1,count_1,color_2,count_2,color_3,count_3,color_4,count_4,color_dominant,method
celery,design,"[44, 69, 23]",5139,"[69, 164, 33]",6833,"[127, 166, 73]",7300,"[195, 226, 193]",1491,"[146, 247, 62]",735,"[112, 208, 48]",SAM
olive,design,"[18, 33, 16]",1377,"[66, 70, 37]",2716,"[95, 128, 20]",3005,"[154, 183, 101]",998,"[8, 247, 8]",1,"[56, 120, 55]",SAM
eggplant,design,"[72, 36, 84]",6772,"[82, 9, 145]",5943,"[107, 39, 184]",4175,"[44, 103, 43]",3687,"[84, 165, 34]",1367,"[119, 39, 103]",SAM
tangerine,design,"[115, 69, 22]",2458,"[71, 96, 53]",1652,"[248, 20, 7]",70,"[77, 148, 35]",2898,"[247, 238, 50]",139,"[247, 141, 14]",SAM
fox,design,"[89, 47, 23]",1774,"[8, 7, 247]",3,"[178, 90, 41]",1542,"[158, 157, 156]",736,"[240, 210, 175]",849,"[243, 115, 35]",SAM
blueberry,design,"[29, 23, 72]",3374,"[27, 24, 118]",334,"[8, 7, 247]",3,"[90, 78, 145]",1773,"[186, 186, 190]",294,"[48, 46, 91]",SAM
apple,design,"[62, 7, 213]",265,"[154, 29, 26]",7710,"[49, 93, 28]",1537,"[136, 62, 63]",2931,"[53, 185, 33]",1442,"[192, 58, 40]",SAM
grape,design,"[86, 8, 38]",2638,"[104, 39, 108]",2741,"[35, 91, 37]",165,"[170, 112, 185]",581,"[54, 172, 36]",41,"[71, 41, 122]",SAM
banana,design,"[70, 62, 18]",4486,"[149, 132, 39]",7203,"[214, 163, 46]",5658,"[196, 195, 188]",484,"[234, 231, 27]",7266,"[229, 215, 56]",SAM
corn,design,"[76, 78, 33]",5665,"[115, 172, 64]",5796,"[219, 193, 46]",5934,"[210, 201, 119]",11854,"[115, 237, 68]",4532,"[239, 240, 48]",SAM
carrot,design,"[148, 76, 43]",1980,"[248, 8, 8]",81,"[73, 140, 62]",3037,"[137, 190, 64]",3391,"[108, 237, 100]",1673,"[231, 120, 45]",SAM
tiger,design,"[61, 39, 17]",2462,"[128, 75, 13]",3055,"[244, 15, 7]",20,"[220, 200, 174]",1916,"[246, 235, 14]",119,"[240, 143, 16]",SAM
tomato,design,"[148, 54, 26]",4172,"[72, 109, 56]",2342,"[187, 47, 16]",5377,"[57, 160, 49]",746,"[206, 197, 185]",467,"[240, 80, 47]",SAM
cherry,design,"[78, 9, 9]",2191,"[128, 23, 18]",4168,"[34, 76, 33]",281,"[163, 23, 21]",6720,"[189, 136, 114]",855,"[208, 16, 15]",SAM
peach,design,"[59, 118, 53]",2862,"[75, 183, 62]",1533,"[70, 214, 39]",193,"[97, 234, 192]",576,"[246, 211, 224]",5023,"[240, 175, 208]",SAM
mushroom,design,"[104, 80, 57]",8553,"[218, 183, 138]",4120,"[229, 200, 103]",916,"[8, 247, 8]",1,"[228, 215, 212]",1817,"[152, 87, 56]",SAM
crocodile,design,"[19, 27, 12]",715,"[119, 8, 7]",4,"[75, 88, 39]",1343,"[8, 231, 8]",10,"[248, 248, 7]",2,"[16, 80, 16]",SAM
penguin,design,"[61, 61, 77]",2477,"[158, 104, 60]",519,"[163, 162, 165]",3868,"[226, 167, 48]",447,"[180, 179, 160]",2176,"[217, 217, 217]",SAM
lion,design,"[80, 60, 36]",5672,"[152, 91, 36]",3089,"[152, 122, 65]",7168,"[219, 170, 60]",2897,"[204, 184, 143]",3669,"[209, 153, 113]",SAM
grassland,design,"[25, 19, 92]",22,"[85, 148, 74]",26085,"[103, 173, 30]",11365,"[203, 163, 102]",3677,"[168, 190, 71]",8782,"[119, 199, 119]",SAM
mountains,design,"[71, 71, 56]",4067,"[150, 117, 88]",3040,"[62, 153, 153]",484,"[168, 136, 104]",2180,"[141, 146, 140]",906,"[71, 120, 55]",SAM
ocean,design,"[60, 126, 201]",6484,"[248, 119, 19]",81,"[248, 193, 133]",3364,"[200, 225, 235]",2142,"[248, 246, 61]",497,"[168, 215, 247]",SAM
flamingo,design,"[90, 68, 66]",864,"[177, 135, 65]",205,"[216, 150, 146]",1768,"[235, 190, 86]",59,"[217, 209, 211]",420,"[229, 153, 152]",SAM
lake,design,"[31, 77, 248]",2,"[38, 145, 116]",7598,"[119, 178, 193]",11008,"[48, 248, 59]",7,"[168, 231, 217]",5116,"[121, 200, 199]",SAM
quiet_forest,design,"[31, 40, 27]",6503,"[24, 86, 23]",7314,"[12, 98, 17]",3172,"[82, 127, 152]",552,"[96, 210, 37]",33,"[8, 56, 8]",SAM
peacock,design,"[78, 42, 137]",692,"[37, 103, 31]",3762,"[158, 56, 40]",145,"[119, 139, 158]",778,"[190, 174, 78]",575,"[70, 149, 86]",SAM
elephant,design,"[31, 32, 33]",2959,"[73, 76, 76]",11684,"[103, 88, 87]",3054,"[88, 74, 248]",2,"[107, 109, 122]",4457,"[120, 120, 120]",SAM
desert,design,"[69, 60, 36]",2582,"[166, 0, 248]",2,"[220, 172, 45]",9935,"[227, 197, 58]",4516,"[149, 240, 240]",1321,"[213, 184, 120]",SAM
glacier,design,"[7, 8, 248]",1,"[55, 79, 151]",677,"[116, 165, 177]",8094,"[14, 195, 179]",1482,"[112, 220, 223]",5298,"[208, 239, 240]",SAM
forest,design,"[42, 63, 39]",17413,"[7, 8, 248]",1,"[176, 103, 55]",205,"[106, 214, 134]",2782,"[98, 226, 99]",135,"[8, 88, 8]",SAM
sky,design,"[26, 39, 76]",3711,"[7, 8, 248]",29,"[56, 135, 210]",18566,"[123, 168, 227]",10657,"[186, 212, 237]",4263,"[103, 184, 247]",SAM
clear_sea,design,"[43, 61, 69]",2660,"[7, 8, 248]",4,"[76, 120, 162]",3458,"[58, 211, 246]",5310,"[118, 234, 235]",2957,"[80, 175, 240]",SAM
lively_forest,design,"[90, 82, 51]",8649,"[117, 175, 102]",21085,"[97, 196, 68]",20944,"[211, 191, 88]",9948,"[228, 240, 227]",3751,"[174, 233, 137]",SAM
clear_sky,design,"[144, 140, 131]",225,"[68, 185, 234]",2006,"[121, 208, 224]",15031,"[139, 248, 154]",291,"[217, 245, 247]",20587,"[161, 243, 243]",SAM
polluted_sea,design,"[24, 41, 57]",6582,"[82, 66, 33]",2516,"[7, 8, 248]",1,"[53, 96, 145]",3512,"[182, 201, 189]",679,"[39, 55, 55]",SAM
polluted_sky,design,"[7, 8, 248]",2,"[100, 130, 172]",3625,"[86, 144, 176]",7210,"[168, 152, 136]",10291,"[161, 163, 149]",11746,"[146, 146, 162]",SAM
olive,photo,"[90, 93, 20]",11622,"[128, 76, 227]",34,"[157, 153, 48]",9481,"[202, 191, 50]",7174,"[213, 210, 164]",4320,"[57, 56, 8]",SAM
eggplant,photo,"[76, 54, 39]",23889,"[114, 53, 89]",5059,"[165, 157, 109]",8699,"[158, 176, 84]",6203,"[177, 170, 186]",13761,"[48, 15, 16]",SAM
tangerine,photo,"[174, 115, 215]",44,"[237, 119, 16]",10071,"[246, 157, 41]",8153,"[237, 189, 131]",4511,"[247, 192, 69]",5703,"[218, 90, 8]",SAM
blueberry,photo,"[48, 71, 111]",26050,"[52, 11, 246]",62,"[98, 124, 39]",677,"[112, 144, 187]",16843,"[180, 198, 217]",11174,"[13, 24, 40]",SAM
apple,photo,"[105, 20, 208]",10,"[182, 61, 39]",23321,"[197, 143, 54]",13607,"[239, 196, 174]",9378,"[241, 220, 147]",8473,"[95, 13, 10]",SAM
fox,photo,"[104, 61, 32]",9190,"[89, 82, 78]",9935,"[200, 117, 34]",11499,"[190, 133, 81]",8339,"[166, 172, 185]",10187,"[240, 176, 112]",SAM
celery,photo,"[31, 50, 11]",5671,"[128, 68, 224]",20,"[144, 179, 51]",52016,"[81, 245, 10]",57,"[211, 225, 164]",20346,"[80, 112, 15]",SAM
grape,photo,"[51, 24, 213]",23,"[96, 86, 117]",20907,"[162, 77, 24]",3446,"[132, 128, 63]",4626,"[195, 190, 40]",3848,"[62, 13, 19]",SAM
tomato,photo,"[202, 46, 10]",32680,"[108, 119, 64]",4505,"[232, 108, 33]",18449,"[161, 130, 220]",26,"[240, 194, 172]",8414,"[160, 14, 8]",SAM
mushroom,photo,"[85, 74, 23]",16116,"[84, 35, 203]",6,"[186, 134, 69]",5625,"[183, 158, 120]",12821,"[220, 206, 189]",10994,"[85, 57, 9]",SAM
cherry,photo,"[210, 17, 23]",7705,"[201, 50, 78]",5094,"[195, 107, 143]",4809,"[177, 171, 61]",5410,"[205, 183, 185]",4041,"[162, 9, 10]",SAM
carrot,photo,"[61, 87, 21]",3715,"[135, 40, 232]",26,"[185, 60, 13]",10289,"[138, 171, 67]",8156,"[236, 178, 119]",5409,"[239, 112, 15]",SAM
banana,photo,"[111, 83, 26]",9381,"[112, 21, 230]",15,"[187, 137, 26]",17563,"[234, 194, 45]",14973,"[226, 202, 96]",13724,"[247, 236, 162]",SAM
peach,photo,"[180, 66, 30]",14928,"[219, 123, 108]",7839,"[225, 143, 48]",10536,"[231, 185, 173]",6919,"[248, 215, 146]",7115,"[112, 15, 16]",SAM
corn,photo,"[145, 84, 15]",10234,"[167, 45, 248]",3,"[112, 122, 34]",10696,"[211, 132, 14]",23236,"[213, 200, 136]",12329,"[240, 176, 15]",SAM
penguin,photo,"[49, 51, 68]",11224,"[36, 28, 170]",30,"[66, 64, 60]",19268,"[156, 156, 150]",25764,"[239, 245, 244]",7584,"[208, 208, 208]",SAM
crocodile,photo,"[91, 69, 25]",9475,"[69, 79, 223]",15,"[88, 102, 131]",14125,"[151, 140, 98]",4166,"[145, 154, 159]",11577,"[61, 45, 18]",SAM
tiger,photo,"[137, 90, 42]",19362,"[116, 119, 126]",15932,"[200, 130, 45]",13498,"[212, 176, 130]",10309,"[195, 199, 202]",13537,"[96, 54, 12]",SAM
mountains,photo,"[68, 59, 207]",31,"[63, 121, 158]",30418,"[129, 122, 72]",2863,"[234, 50, 38]",9,"[132, 145, 151]",19748,"[33, 82, 98]",SAM
lion,photo,"[56, 58, 187]",12,"[138, 92, 47]",77028,"[196, 129, 53]",32956,"[214, 171, 113]",53292,"[196, 177, 155]",26913,"[80, 47, 15]",SAM
flamingo,photo,"[137, 64, 48]",4177,"[158, 100, 111]",4748,"[210, 90, 45]",5938,"[106, 205, 72]",9,"[237, 167, 141]",5701,"[246, 213, 197]",SAM
ocean,photo,"[17, 70, 77]",10205,"[32, 110, 128]",27856,"[51, 151, 164]",32295,"[127, 163, 174]",30497,"[105, 187, 200]",31098,"[176, 207, 208]",SAM
peacock,photo,"[15, 52, 170]",4767,"[79, 71, 57]",6693,"[23, 103, 197]",2707,"[109, 129, 137]",6567,"[123, 139, 85]",3487,"[16, 16, 47]",SAM
quiet_forest,photo,"[78, 84, 58]",40583,"[98, 80, 43]",7965,"[88, 93, 41]",21130,"[145, 140, 73]",11377,"[151, 155, 142]",22026,"[48, 48, 15]",SAM
lake,photo,"[34, 48, 63]",31569,"[60, 94, 107]",25630,"[63, 100, 134]",29948,"[248, 8, 8]",1,"[147, 180, 213]",20543,"[116, 154, 188]",SAM
grassland,photo,"[11, 10, 173]",4,"[41, 72, 14]",30013,"[82, 124, 22]",62964,"[122, 168, 23]",75760,"[223, 236, 35]",15847,"[176, 208, 15]",SAM
elephant,photo,"[32, 19, 19]",6477,"[65, 46, 30]",27911,"[197, 147, 100]",7923,"[204, 171, 138]",17222,"[237, 245, 76]",44,"[143, 112, 80]",SAM
sky,photo,"[9, 70, 147]",7062,"[68, 148, 214]",36441,"[95, 159, 206]",64218,"[153, 188, 221]",49252,"[187, 207, 221]",17644,"[16, 111, 175]",SAM
clear_sky,photo,"[82, 131, 190]",26001,"[75, 158, 194]",28609,"[76, 153, 225]",36776,"[75, 190, 239]",7455,"[174, 210, 222]",22119,"[143, 176, 208]",SAM
desert,photo,"[109, 71, 45]",7774,"[156, 98, 50]",20253,"[174, 105, 40]",28945,"[242, 177, 103]",22612,"[232, 182, 132]",18069,"[208, 144, 80]",SAM
clear_sea,photo,"[248, 8, 8]",14,"[48, 153, 198]",9766,"[93, 229, 212]",43799,"[160, 221, 203]",70660,"[196, 218, 200]",27992,"[87, 222, 215]",SAM
glacier,photo,"[45, 92, 124]",20435,"[218, 82, 52]",13,"[56, 138, 191]",38998,"[109, 166, 199]",77039,"[63, 182, 229]",67036,"[144, 207, 240]",SAM
lively_forest,photo,"[88, 59, 192]",14,"[90, 92, 31]",159127,"[143, 88, 31]",55938,"[159, 153, 46]",93561,"[183, 179, 148]",29871,"[48, 48, 15]",SAM
forest,photo,"[63, 76, 36]",98658,"[95, 75, 32]",5695,"[90, 105, 44]",63671,"[141, 154, 70]",19196,"[145, 154, 132]",34147,"[48, 48, 15]",SAM
polluted_sky,photo,"[7, 8, 248]",1,"[107, 117, 120]",36298,"[248, 8, 8]",1,"[159, 166, 182]",31433,"[159, 170, 169]",54598,"[208, 208, 208]",SAM
polluted_sea,photo,"[70, 75, 65]",56004,"[92, 106, 104]",79948,"[95, 87, 216]",12,"[128, 150, 150]",64664,"[8, 247, 8]",1,"[48, 51, 34]",SAM
olive,clipart,"[68, 10, 181]",2,"[73, 81, 18]",7684,"[203, 9, 9]",3,"[137, 144, 32]",3274,"[59, 237, 14]",8,"[100, 116, 10]",SAM
eggplant,clipart,"[73, 10, 90]",9653,"[112, 0, 239]",9,"[77, 100, 33]",6124,"[172, 144, 169]",5703,"[127, 173, 42]",9452,"[57, 9, 57]",SAM
tangerine,clipart,"[41, 106, 59]",2717,"[187, 80, 238]",17,"[247, 85, 9]",3578,"[247, 111, 9]",16301,"[128, 203, 229]",1044,"[247, 154, 10]",SAM
blueberry,clipart,"[100, 59, 36]",214,"[14, 23, 242]",6,"[63, 80, 125]",6923,"[52, 135, 48]",280,"[129, 150, 188]",3797,"[43, 48, 97]",SAM
apple,clipart,"[187, 75, 68]",2061,"[74, 153, 42]",1178,"[247, 149, 39]",2209,"[240, 228, 78]",6396,"[240, 234, 201]",2804,"[248, 9, 7]",SAM
celery,clipart,"[65, 52, 220]",21,"[62, 123, 14]",15539,"[229, 128, 245]",21,"[195, 218, 116]",8496,"[220, 230, 181]",3026,"[131, 176, 30]",SAM
grape,clipart,"[55, 24, 37]",4058,"[112, 35, 94]",5731,"[86, 71, 36]",439,"[124, 89, 124]",7916,"[93, 154, 52]",707,"[80, 16, 48]",SAM
tomato,clipart,"[114, 23, 207]",42,"[43, 104, 49]",7817,"[197, 52, 29]",5931,"[197, 118, 79]",5795,"[190, 194, 187]",3969,"[245, 47, 9]",SAM
cherry,clipart,"[115, 31, 152]",75,"[157, 30, 53]",11147,"[52, 109, 113]",1991,"[67, 133, 37]",14183,"[239, 214, 218]",2666,"[241, 8, 56]",SAM
carrot,clipart,"[40, 112, 43]",12426,"[157, 53, 226]",66,"[68, 119, 154]",1117,"[78, 171, 48]",17995,"[215, 137, 87]",3048,"[247, 120, 9]",SAM
banana,clipart,"[103, 58, 23]",4164,"[22, 74, 116]",319,"[87, 31, 233]",47,"[108, 178, 171]",1870,"[193, 184, 72]",8573,"[240, 208, 15]",SAM
mushroom,clipart,"[125, 2, 167]",7,"[202, 60, 60]",4347,"[205, 157, 110]",13875,"[171, 170, 102]",624,"[246, 228, 180]",11702,"[244, 89, 70]",SAM
corn,clipart,"[124, 19, 223]",11,"[119, 131, 65]",8658,"[205, 106, 16]",4016,"[133, 171, 51]",13440,"[244, 212, 60]",13705,"[240, 176, 15]",SAM
peach,clipart,"[184, 41, 219]",13,"[109, 146, 34]",1534,"[243, 71, 72]",5413,"[247, 173, 71]",6980,"[247, 208, 96]",7435,"[240, 112, 80]",SAM
crocodile,clipart,"[39, 76, 34]",9618,"[150, 56, 80]",431,"[123, 120, 105]",4415,"[75, 148, 23]",9494,"[183, 171, 110]",5822,"[16, 112, 48]",SAM
tiger,clipart,"[27, 26, 52]",19091,"[18, 18, 171]",40,"[123, 74, 35]",24196,"[114, 112, 120]",22505,"[212, 208, 202]",31839,"[240, 143, 16]",SAM
penguin,clipart,"[42, 15, 118]",31,"[119, 118, 121]",3308,"[228, 100, 52]",3077,"[239, 190, 63]",2262,"[8, 24, 56]",11188,"[237, 235, 223]",SAM
lion,clipart,"[41, 8, 158]",10,"[91, 41, 16]",3523,"[240, 154, 15]",6583,"[242, 184, 28]",4020,"[224, 215, 186]",2176,"[149, 57, 9]",SAM
mountains,clipart,"[37, 30, 146]",55,"[73, 113, 131]",31054,"[86, 120, 97]",11436,"[111, 139, 84]",4103,"[200, 214, 220]",11291,"[48, 80, 111]",SAM
lake,clipart,"[33, 24, 238]",14,"[45, 132, 121]",11031,"[33, 134, 168]",26449,"[141, 177, 64]",1720,"[82, 212, 233]",28519,"[46, 179, 229]",SAM
flamingo,clipart,"[133, 70, 241]",22,"[233, 90, 139]",2647,"[241, 156, 167]",5079,"[191, 198, 193]",566,"[91, 229, 104]",17,"[245, 74, 91]",SAM
grassland,clipart,"[38, 115, 22]",8466,"[49, 159, 16]",20212,"[69, 203, 10]",62762,"[120, 201, 21]",35963,"[138, 201, 63]",14830,"[144, 239, 16]",SAM
ocean,clipart,"[7, 8, 248]",4,"[19, 92, 149]",15385,"[24, 132, 173]",25724,"[50, 221, 218]",8785,"[147, 215, 222]",3227,"[15, 176, 208]",SAM
elephant,clipart,"[135, 59, 198]",13,"[104, 105, 112]",28536,"[227, 130, 132]",2745,"[226, 220, 134]",686,"[219, 237, 33]",27,"[151, 153, 152]",SAM
quiet_forest,clipart,"[92, 47, 42]",19834,"[160, 71, 40]",15451,"[60, 140, 85]",23801,"[109, 179, 56]",13160,"[162, 233, 26]",2024,"[21, 56, 40]",SAM
peacock,clipart,"[30, 42, 97]",2547,"[11, 34, 233]",1190,"[20, 63, 183]",2206,"[48, 154, 54]",9473,"[195, 171, 133]",9465,"[79, 112, 47]",SAM
fox,clipart,"[75, 39, 29]",5426,"[71, 27, 228]",22,"[196, 87, 39]",6436,"[234, 187, 150]",5236,"[243, 241, 224]",17662,"[239, 112, 15]",SAM
clear_sky,clipart,"[7, 8, 248]",1,"[85, 181, 247]",19910,"[214, 217, 248]",8203,"[192, 242, 248]",45386,"[235, 245, 244]",9815,"[144, 207, 240]",SAM
glacier,clipart,"[15, 65, 120]",10277,"[214, 9, 9]",4,"[31, 129, 206]",10390,"[59, 169, 223]",25747,"[212, 240, 247]",8016,"[146, 219, 246]",SAM
sky,clipart,"[44, 105, 198]",11357,"[65, 141, 201]",24862,"[123, 208, 219]",45388,"[206, 216, 164]",2899,"[192, 226, 235]",32971,"[89, 180, 225]",SAM
desert,clipart,"[170, 88, 50]",10079,"[181, 110, 209]",10,"[222, 141, 70]",27598,"[241, 145, 53]",26196,"[179, 201, 207]",1537,"[246, 185, 107]",SAM
forest,clipart,"[98, 57, 41]",16128,"[151, 75, 39]",9255,"[42, 123, 62]",30665,"[61, 160, 53]",20483,"[110, 201, 37]",11744,"[16, 80, 47]",SAM
lively_forest,clipart,"[60, 32, 137]",71,"[172, 85, 42]",8126,"[60, 132, 82]",21852,"[190, 173, 47]",5358,"[226, 230, 220]",5378,"[167, 218, 27]",SAM
clear_sea,clipart,"[12, 107, 194]",8575,"[20, 137, 200]",25513,"[19, 172, 225]",47199,"[88, 237, 242]",40785,"[236, 231, 207]",2484,"[15, 208, 239]",SAM
polluted_sky,clipart,"[8, 7, 247]",6,"[71, 91, 96]",25185,"[113, 126, 142]",31232,"[152, 201, 182]",5650,"[191, 199, 200]",21208,"[112, 144, 144]",SAM
polluted_sea,clipart,"[7, 8, 248]",1,"[48, 90, 82]",101262,"[60, 135, 110]",53678,"[154, 179, 154]",25124,"[97, 190, 140]",34355,"[25, 45, 61]",SAM
A_garden_illuminated_by_soft_lights_at_night,clipart,"[43, 41, 88]",1964,"[37, 72, 25]",14202,"[109, 88, 43]",7385,"[80, 119, 34]",9175,"[152, 183, 45]",4729,"[16, 48, 15]"
A_mist-covered_lake_in_the_morning,clipart,"[50, 103, 120]",19968,"[248, 8, 8]",1,"[86, 158, 117]",2835,"[85, 158, 157]",21364,"[160, 209, 211]",13379,"[48, 112, 112]"
A_lake_under_the_bright_midday_sun,clipart,"[76, 157, 102]",8957,"[34, 163, 212]",14821,"[138, 192, 72]",16468,"[56, 196, 219]",50368,"[243, 194, 27]",1228,"[79, 240, 239]"
Snow-capped_mountains_at_dusk,clipart,"[15, 12, 246]",42,"[68, 96, 168]",44657,"[138, 129, 157]",9285,"[120, 158, 217]",22746,"[211, 219, 234]",20945,"[48, 80, 144]"
Snow-covered_mountains_under_bright_winter_sunlight,clipart,"[47, 62, 104]",19093,"[20, 26, 240]",56,"[97, 150, 219]",22461,"[144, 195, 233]",14150,"[222, 236, 242]",11636,"[38, 78, 164]"
Mountains_engulfed_in_a_fierce_snowstorm,clipart,"[25, 53, 107]",22023,"[77, 30, 244]",18,"[160, 83, 78]",7554,"[82, 157, 204]",26471,"[201, 215, 223]",21732,"[9, 24, 53]"
A_quiet_lake_in_autumn,clipart,"[8, 7, 247]",3,"[74, 130, 165]",13246,"[129, 156, 129]",9324,"[109, 170, 183]",31405,"[170, 167, 95]",5892,"[175, 240, 239]"
A_peaceful_park_at_sunset_in_autumn,clipart,"[163, 69, 47]",9319,"[215, 99, 42]",6050,"[198, 179, 118]",4908,"[188, 192, 185]",2319,"[222, 202, 86]",3779,"[48, 15, 16]"
A_vibrant_park_in_spring,clipart,"[140, 77, 53]",5600,"[77, 145, 123]",18447,"[90, 159, 62]",40329,"[230, 151, 189]",11581,"[164, 204, 65]",82418,"[144, 207, 48]"
A_park_after_the_rain_in_the_morning,clipart,"[44, 33, 160]",43,"[50, 108, 93]",16129,"[152, 104, 75]",3131,"[95, 179, 103]",30072,"[148, 219, 83]",40788,"[119, 247, 247]"
A_rustic_garden_in_midsummer,clipart,"[59, 48, 118]",150,"[52, 108, 56]",26422,"[153, 86, 46]",10007,"[236, 201, 124]",12868,"[176, 224, 42]",19589,"[181, 216, 54]"
A_calm_sea_at_night,clipart,"[14, 49, 109]",14117,"[12, 50, 132]",9479,"[20, 107, 177]",21988,"[31, 154, 208]",20415,"[68, 198, 226]",8353,"[14, 77, 164]"
A_farm_field_at_sunset,clipart,"[9, 9, 160]",3,"[39, 66, 41]",5379,"[80, 100, 35]",13629,"[147, 156, 35]",13997,"[212, 188, 36]",11078,"[208, 207, 48]"
A_lively_sea_at_dawn,clipart,"[50, 158, 177]",35305,"[78, 217, 202]",30125,"[248, 186, 96]",3037,"[219, 234, 230]",9003,"[248, 235, 137]",3216,"[15, 112, 144]"
A_stormy_sea,clipart,"[23, 110, 114]",30018,"[44, 179, 128]",13445,"[112, 172, 195]",19994,"[234, 151, 92]",1227,"[212, 234, 226]",22136,"[16, 48, 80]"
Scorching_midday_desert,clipart,"[7, 8, 248]",1,"[211, 122, 66]",18992,"[241, 145, 52]",55329,"[247, 194, 119]",40218,"[246, 212, 168]",7999,"[247, 189, 110]"
A_garden_in_early_spring,clipart,"[84, 136, 59]",36912,"[210, 103, 99]",8021,"[155, 187, 78]",136068,"[233, 187, 62]",10494,"[203, 219, 192]",13220,"[153, 187, 75]"
Quiet_post-sunset_desert,clipart,"[120, 66, 46]",35001,"[190, 100, 55]",15090,"[174, 127, 123]",5754,"[209, 132, 78]",16548,"[231, 156, 76]",4206,"[144, 80, 47]"
Harvest_farm_field,clipart,"[146, 100, 36]",22187,"[209, 116, 32]",21092,"[141, 168, 33]",29851,"[238, 187, 31]",62379,"[242, 216, 36]",16460,"[240, 176, 48]"
Springtime_farm_field,clipart,"[79, 14, 160]",29,"[146, 95, 55]",10108,"[144, 180, 62]",87200,"[159, 209, 22]",63908,"[138, 220, 10]",16676,"[134, 186, 21]"
A_desert_oasis_at_dawn,clipart,"[166, 91, 60]",41685,"[95, 159, 175]",2155,"[215, 138, 79]",58938,"[222, 164, 124]",18291,"[242, 197, 118]",32327,"[239, 178, 95]"
Statue_of_Liberty_in_New_York,clipart,"[37, 33, 186]",17,"[155, 99, 47]",80,"[195, 174, 154]",2378,"[16, 79, 80]",10242,"[226, 205, 82]",67,"[128, 213, 202]"
Great_Wall_of_China,clipart,"[110, 60, 168]",13,"[121, 109, 105]",3091,"[188, 83, 63]",4571,"[157, 113, 91]",15455,"[173, 189, 95]",238,"[207, 154, 106]"
Pyramids_of_Giza,clipart,"[104, 48, 223]",16,"[188, 116, 75]",15821,"[129, 191, 209]",762,"[245, 207, 123]",9258,"[238, 248, 17]",40,"[228, 181, 118]"
Taj_Mahal,clipart,"[91, 62, 195]",40,"[159, 103, 80]",8135,"[192, 104, 68]",10143,"[225, 170, 121]",24888,"[162, 194, 186]",2403,"[240, 240, 208]"
Eiffel_Tower_in_Paris,clipart,"[127, 35, 62]",1175,"[191, 43, 78]",3929,"[220, 43, 64]",1561,"[175, 173, 174]",367,"[96, 210, 59]",22,"[233, 95, 115]"
Sydney_Opera_House,clipart,"[71, 58, 66]",8327,"[246, 58, 7]",8,"[176, 117, 102]",14260,"[233, 230, 60]",29,"[245, 243, 227]",18565,"[223, 176, 144]"
Big_Ben_in_London,clipart,"[91, 90, 88]",12036,"[81, 89, 198]",67,"[148, 110, 69]",15097,"[239, 179, 89]",6424,"[178, 211, 216]",6375,"[208, 144, 80]"
St._Peter's_Basilica,clipart,"[83, 108, 210]",71,"[144, 121, 103]",39681,"[102, 144, 75]",662,"[194, 133, 86]",11679,"[209, 207, 199]",33842,"[207, 176, 143]"
Lake_in_Expressionist_style,clipart,"[37, 7, 219]",19,"[73, 130, 105]",12109,"[124, 143, 47]",5890,"[61, 156, 216]",22613,"[51, 248, 20]",28,"[112, 208, 240]"
Mountain_in_Romanticism_style,clipart,"[60, 105, 84]",27818,"[100, 144, 87]",15759,"[94, 141, 171]",5872,"[162, 192, 76]",1062,"[215, 227, 224]",7219,"[16, 79, 80]"
Mountain,clipart,"[45, 84, 118]",8248,"[78, 118, 87]",23110,"[235, 60, 77]",548,"[188, 118, 59]",3471,"[197, 216, 222]",11675,"[16, 47, 48]"
Mountain_in_Acient_Chinese_painting_style,clipart,"[38, 39, 149]",26,"[66, 109, 86]",4771,"[97, 134, 77]",2731,"[81, 139, 150]",14695,"[203, 220, 221]",6987,"[48, 79, 80]"
Lake_in_Abstract_art_style,clipart,"[103, 0, 248]",5,"[33, 105, 153]",12140,"[61, 135, 130]",9241,"[135, 178, 110]",1613,"[90, 194, 213]",29236,"[52, 152, 168]"
Lake_in_Impressionist_style,clipart,"[67, 63, 212]",53,"[74, 120, 104]",18194,"[95, 131, 69]",12993,"[171, 173, 48]",6129,"[125, 203, 214]",27176,"[86, 175, 225]"
Mountain_in_Expressionist_style,clipart,"[53, 88, 70]",32082,"[101, 128, 73]",22233,"[93, 141, 184]",7556,"[142, 154, 62]",20508,"[211, 221, 213]",11830,"[25, 58, 42]"
Mountain_in_Impressionist_style,clipart,"[53, 100, 179]",13487,"[65, 108, 142]",21383,"[84, 125, 101]",17143,"[130, 157, 69]",12025,"[203, 184, 173]",11882,"[25, 52, 137]"
Forest_in_Impressionist_style,clipart,"[91, 56, 45]",12717,"[48, 95, 67]",19204,"[182, 97, 44]",9197,"[92, 139, 54]",13217,"[161, 193, 40]",11642,"[16, 47, 48]"
Lake_in_Ancient_Chinese_painting_style,clipart,"[62, 84, 231]",8,"[59, 120, 123]",8184,"[78, 127, 85]",987,"[66, 134, 178]",6417,"[195, 231, 239]",4529,"[80, 176, 207]"
Lake_in_Romanticism_style,clipart,"[7, 8, 248]",13,"[96, 147, 82]",3540,"[58, 143, 223]",9415,"[67, 173, 224]",24165,"[97, 201, 224]",35879,"[44, 146, 195]"
Forest_in_Romanticism_style,clipart,"[36, 27, 177]",8,"[98, 56, 43]",12687,"[156, 75, 43]",8681,"[58, 130, 73]",10640,"[125, 178, 69]",6226,"[16, 47, 48]"
Forest_in_Expressionist_style,clipart,"[10, 9, 127]",10,"[93, 49, 39]",10695,"[163, 65, 33]",11079,"[64, 141, 57]",14798,"[114, 193, 43]",12598,"[16, 47, 48]"
Forest_in_Ancient_Chinese_painting_style,clipart,"[88, 5, 194]",5,"[125, 71, 43]",3425,"[71, 119, 71]",11611,"[123, 160, 74]",3573,"[174, 171, 152]",3340,"[48, 80, 48]"
Forest_in_Abstract_art_style,clipart,"[89, 45, 32]",10146,"[151, 62, 31]",9927,"[42, 125, 63]",16672,"[75, 155, 48]",12462,"[104, 196, 37]",9085,"[16, 80, 47]"
Desert_in_Impressionist_style,clipart,"[150, 42, 218]",19,"[183, 95, 60]",21022,"[168, 105, 109]",2881,"[224, 142, 71]",30177,"[245, 206, 139]",15941,"[242, 186, 103]"
Desert_in_Ancient_Chinese_painting_style,clipart,"[99, 3, 225]",6,"[129, 80, 64]",5070,"[185, 129, 83]",23521,"[214, 143, 75]",12143,"[248, 247, 60]",36,"[234, 176, 93]"
Desert_in_Expressionist_style,clipart,"[163, 86, 73]",3616,"[169, 100, 226]",6,"[213, 108, 58]",7796,"[227, 147, 81]",17704,"[240, 148, 55]",10851,"[242, 174, 96]"
Desert_in_Abstract_art_style,clipart,"[141, 64, 231]",13,"[203, 102, 67]",12950,"[238, 143, 69]",30275,"[231, 196, 163]",4581,"[248, 211, 122]",17860,"[246, 176, 98]"
Desert_in_Romanticism_style,clipart,"[131, 47, 189]",9,"[195, 113, 71]",24223,"[217, 139, 73]",27370,"[246, 214, 140]",6180,"[248, 248, 7]",31,"[241, 181, 100]"
Ocean_in_Expressionist_style,clipart,"[11, 20, 176]",6,"[19, 105, 132]",22091,"[244, 167, 100]",1209,"[67, 211, 188]",17339,"[208, 231, 220]",8518,"[16, 144, 144]"
Ocean_in_Ancient_Chinese_painting_style,clipart,"[13, 53, 89]",12036,"[58, 42, 171]",19,"[59, 171, 177]",21248,"[151, 200, 207]",10927,"[221, 233, 229]",8597,"[16, 80, 112]"
Ocean_in_Romanticism_style,clipart,"[21, 67, 128]",3671,"[7, 8, 248]",19,"[56, 189, 204]",25256,"[96, 200, 172]",2708,"[205, 226, 223]",2832,"[16, 144, 176]"
Ocean_in_Abstract_art_style,clipart,"[20, 90, 156]",6977,"[247, 151, 38]",638,"[71, 198, 187]",27738,"[248, 181, 63]",1808,"[217, 237, 218]",10008,"[16, 144, 176]"
Ocean_in_Impressionist_style,clipart,"[21, 108, 164]",9277,"[63, 183, 179]",28417,"[191, 179, 143]",2710,"[148, 199, 203]",16117,"[220, 230, 228]",15375,"[16, 144, 176]"
A_red_lantern_symbolizing_joy_for_Spring_Festival,clipart,"[124, 0, 195]",27,"[180, 27, 23]",15109,"[236, 143, 38]",8079,"[245, 204, 65]",6958,"[242, 218, 187]",2496,"[237, 44, 33]"
A_bouquet_of_pink_roses_for_Valentineâ€™s_Day,clipart,"[80, 93, 59]",979,"[70, 117, 30]",1364,"[183, 36, 201]",25,"[225, 58, 99]",12298,"[244, 178, 191]",5544,"[240, 112, 144]"
A_Christmas_tree_adorned_with_twinkling_lights,clipart,"[99, 52, 19]",5909,"[35, 128, 36]",20806,"[62, 175, 30]",7344,"[89, 166, 197]",1059,"[234, 197, 48]",3797,"[23, 89, 9]"
A_carved_Halloween_pumpkin_with_a_spooky_grin,clipart,"[60, 20, 10]",8466,"[144, 60, 14]",4611,"[134, 0, 214]",4,"[243, 155, 24]",10547,"[232, 215, 54]",7995,"[247, 122, 8]"
sunny_sky,clipart,"[10, 73, 201]",1061,"[245, 53, 20]",481,"[246, 162, 33]",4152,"[237, 239, 33]",12059,"[211, 239, 236]",9962,"[15, 208, 239]"
overcast_sky,clipart,"[85, 81, 238]",26,"[120, 132, 158]",22341,"[143, 232, 215]",2970,"[212, 217, 222]",18281,"[247, 231, 182]",8049,"[80, 175, 240]"
leaves_vegetation,clipart,"[51, 21, 179]",106,"[68, 142, 37]",16953,"[225, 127, 40]",5062,"[87, 216, 36]",13356,"[175, 220, 38]",21326,"[19, 57, 9]"
sunset_sky,clipart,"[75, 78, 195]",9798,"[209, 116, 136]",18759,"[247, 133, 80]",12051,"[244, 214, 151]",10058,"[248, 228, 84]",6318,"[68, 84, 154]"
dry_vegetation,clipart,"[115, 76, 143]",94,"[81, 101, 57]",12240,"[187, 128, 64]",19465,"[177, 196, 75]",6982,"[204, 187, 170]",15502,"[123, 78, 39]"
rainny_sky,clipart,"[67, 104, 150]",29974,"[52, 126, 221]",13653,"[239, 125, 77]",4304,"[209, 215, 120]",7271,"[209, 221, 231]",27323,"[16, 176, 239]"
bush_vegetation,clipart,"[58, 32, 144]",86,"[94, 44, 23]",9382,"[151, 63, 17]",7836,"[64, 154, 23]",37838,"[100, 207, 17]",26495,"[15, 112, 15]"
wet_vegetation,clipart,"[117, 77, 41]",7626,"[162, 38, 225]",2480,"[78, 110, 152]",4003,"[69, 138, 41]",52696,"[126, 205, 34]",34921,"[16, 80, 16]"
leaves_vegetation,photo,"[51, 74, 18]",8249,"[102, 56, 202]",157,"[117, 162, 20]",16029,"[197, 169, 45]",5328,"[186, 187, 133]",2023,"[160, 212, 13]"
overcast_sky,photo,"[60, 80, 116]",903,"[79, 97, 110]",12357,"[114, 131, 145]",53186,"[144, 160, 175]",82397,"[179, 195, 212]",50003,"[159, 175, 175]"
rainny_sky,photo,"[21, 68, 60]",3014,"[50, 53, 225]",25,"[56, 107, 135]",24202,"[68, 161, 219]",45807,"[49, 184, 215]",26762,"[144, 207, 240]"
sunset_sky,photo,"[62, 104, 146]",67974,"[233, 111, 43]",11961,"[152, 165, 184]",36815,"[219, 184, 158]",19673,"[248, 204, 83]",9896,"[12, 48, 96]"
sunny_sky,photo,"[17, 106, 199]",18988,"[10, 104, 237]",5889,"[111, 117, 51]",3192,"[103, 185, 242]",131427,"[203, 221, 244]",37088,"[38, 152, 226]"
bush_vegetation,photo,"[73, 42, 193]",14,"[76, 93, 36]",56059,"[61, 130, 26]",17045,"[129, 142, 49]",45888,"[170, 196, 41]",22111,"[48, 48, 15]"
dry_vegetation,photo,"[72, 52, 35]",23694,"[158, 118, 83]",34006,"[205, 157, 103]",25220,"[163, 183, 210]",8982,"[210, 183, 154]",15317,"[112, 80, 47]"
wet_vegetation,photo,"[40, 119, 23]",54106,"[52, 156, 34]",54757,"[57, 154, 94]",28906,"[65, 188, 23]",37707,"[118, 190, 173]",9625,"[20, 92, 9]"
fresh_blueberry,photo,"[29, 67, 135]",9050,"[35, 41, 234]",16,"[101, 155, 218]",7246,"[139, 199, 49]",1288,"[196, 222, 235]",5572,"[16, 16, 47]"
fresh_lemon,photo,"[145, 108, 23]",20860,"[153, 105, 225]",127,"[203, 156, 18]",40481,"[217, 198, 163]",6555,"[235, 213, 125]",18580,"[240, 208, 15]"
fresh_avocado,photo,"[67, 80, 53]",24638,"[139, 82, 32]",13342,"[127, 64, 197]",31,"[100, 126, 41]",15891,"[124, 200, 41]",24301,"[240, 240, 144]"
fresh_lime,photo,"[50, 65, 19]",14172,"[117, 151, 35]",47827,"[158, 183, 113]",17433,"[155, 191, 33]",32356,"[179, 194, 172]",10037,"[80, 112, 15]"
rotten_blueberry,photo,"[45, 70, 128]",13894,"[41, 79, 180]",8101,"[174, 123, 83]",1832,"[123, 155, 208]",17246,"[193, 208, 226]",14680,"[16, 23, 38]"
fresh_apple,photo,"[82, 37, 34]",7932,"[201, 71, 45]",10390,"[174, 129, 46]",9529,"[207, 202, 69]",14290,"[233, 209, 171]",6227,"[144, 15, 16]"
fresh_grapefruit,photo,"[167, 57, 248]",4,"[187, 94, 40]",14225,"[214, 114, 106]",11379,"[241, 178, 71]",8753,"[246, 220, 203]",13395,"[240, 80, 47]"
fresh_honeydew,photo,"[87, 115, 21]",13312,"[121, 183, 35]",26467,"[145, 237, 31]",28296,"[202, 236, 131]",15086,"[210, 232, 189]",8623,"[165, 222, 27]"
fresh_cantaloupe,photo,"[158, 86, 227]",24,"[204, 96, 18]",29675,"[162, 163, 109]",22936,"[238, 147, 23]",62424,"[206, 193, 45]",39783,"[240, 176, 15]"
rotten_lemon,photo,"[88, 65, 22]",13364,"[94, 53, 209]",63,"[142, 110, 21]",19090,"[202, 163, 23]",31064,"[221, 202, 157]",4353,"[240, 208, 15]"
rotten_avocado,photo,"[107, 70, 30]",16846,"[120, 48, 226]",22,"[116, 131, 45]",34377,"[157, 169, 137]",18671,"[179, 195, 61]",21287,"[48, 48, 15]"
fresh_mango,photo,"[116, 63, 36]",19483,"[218, 95, 41]",23164,"[184, 148, 59]",37676,"[219, 164, 143]",14533,"[234, 171, 20]",74797,"[240, 208, 15]"
rotten_lime,photo,"[60, 72, 25]",26116,"[169, 189, 75]",20809,"[168, 193, 30]",29582,"[179, 190, 169]",6024,"[177, 195, 130]",13320,"[112, 143, 16]"
rotten_apple,photo,"[166, 66, 49]",39381,"[207, 50, 42]",23561,"[214, 174, 90]",26039,"[97, 234, 88]",10,"[241, 201, 184]",16512,"[95, 10, 11]"
rotten_honeydew,photo,"[97, 94, 31]",11331,"[133, 135, 25]",26602,"[146, 112, 226]",33,"[218, 219, 106]",16182,"[221, 218, 155]",10337,"[176, 176, 15]"
rotten_cantaloupe,photo,"[177, 103, 223]",16,"[203, 122, 33]",42249,"[239, 167, 41]",31854,"[246, 207, 63]",22194,"[241, 210, 149]",17342,"[144, 79, 16]"
rotten_grapefruit,photo,"[131, 64, 48]",10269,"[213, 76, 32]",9706,"[233, 151, 41]",16484,"[236, 179, 119]",6766,"[234, 203, 193]",7036,"[176, 80, 15]"
fresh_orange,photo,"[164, 69, 22]",11721,"[234, 177, 130]",8964,"[248, 182, 32]",17998,"[246, 186, 96]",9850,"[222, 196, 177]",3949,"[240, 143, 16]"
fresh_raspberry,photo,"[135, 33, 32]",24399,"[226, 65, 100]",38283,"[228, 126, 159]",32318,"[209, 181, 69]",2609,"[236, 197, 213]",21567,"[236, 31, 41]"
fresh_strawberry,photo,"[126, 28, 21]",28946,"[229, 103, 112]",32439,"[137, 153, 46]",16927,"[231, 127, 50]",20384,"[239, 193, 188]",16424,"[240, 15, 16]"
fresh_banana,photo,"[110, 74, 189]",31,"[139, 101, 23]",6616,"[217, 163, 23]",14068,"[193, 189, 67]",6054,"[245, 244, 36]",6412,"[245, 213, 83]"
fresh_cherry,photo,"[191, 40, 73]",10068,"[214, 14, 24]",15802,"[172, 88, 133]",7778,"[183, 190, 61]",6475,"[212, 192, 205]",6507,"[163, 8, 10]"
rotten_mango,photo,"[109, 58, 37]",33942,"[125, 73, 209]",74,"[204, 94, 28]",26815,"[177, 136, 60]",45778,"[228, 166, 23]",69571,"[240, 208, 15]"
fresh_watermelon,photo,"[87, 114, 34]",32758,"[229, 67, 54]",11771,"[223, 129, 103]",9673,"[173, 190, 72]",35926,"[213, 219, 173]",19335,"[16, 48, 15]"
fresh_grape,photo,"[87, 58, 99]",17895,"[85, 101, 180]",20471,"[130, 106, 53]",5343,"[157, 170, 208]",11769,"[186, 186, 42]",3474,"[48, 15, 16]"
rotten_banana,photo,"[95, 60, 18]",4541,"[91, 32, 228]",16,"[166, 118, 25]",8633,"[231, 192, 41]",10111,"[242, 227, 178]",4107,"[247, 242, 141]"
rotten_orange,photo,"[146, 108, 195]",106,"[222, 103, 13]",26840,"[234, 139, 35]",24266,"[247, 180, 47]",13455,"[232, 191, 153]",7980,"[190, 74, 8]"
rotten_cherry,photo,"[141, 20, 28]",23389,"[203, 16, 30]",11247,"[181, 71, 122]",11903,"[181, 182, 76]",5645,"[210, 190, 208]",10644,"[95, 8, 10]"
rotten_raspberry,photo,"[129, 36, 36]",22384,"[218, 57, 87]",24818,"[206, 105, 140]",26439,"[202, 180, 81]",1886,"[225, 184, 203]",20225,"[248, 14, 7]"
rotten_strawberry,photo,"[98, 29, 23]",29011,"[180, 53, 45]",56002,"[202, 103, 129]",18602,"[140, 155, 49]",20173,"[236, 188, 175]",18162,"[240, 15, 16]"
rotten_grape,photo,"[119, 25, 18]",11580,"[111, 81, 39]",4787,"[111, 82, 138]",15862,"[176, 158, 42]",3024,"[179, 175, 200]",10189,"[48, 15, 16]"
fresh_carrot,photo,"[142, 63, 198]",14,"[196, 63, 16]",6440,"[113, 145, 46]",2503,"[219, 155, 99]",4565,"[237, 236, 236]",7043,"[239, 112, 15]"
fresh_peach,photo,"[135, 44, 40]",12317,"[139, 84, 248]",8,"[204, 84, 38]",15003,"[203, 148, 146]",10417,"[241, 182, 90]",10908,"[248, 241, 195]"
fresh_celery,photo,"[51, 101, 18]",24094,"[118, 60, 248]",5,"[116, 182, 43]",30843,"[172, 216, 131]",13459,"[219, 230, 212]",9962,"[16, 48, 15]"
rotten_watermelon,photo,"[85, 98, 37]",59027,"[215, 68, 53]",12155,"[208, 119, 97]",15791,"[172, 183, 74]",45629,"[207, 211, 170]",32040,"[36, 52, 14]"
rotten_carrot,photo,"[131, 52, 26]",7141,"[180, 58, 15]",8485,"[121, 74, 238]",13,"[231, 100, 22]",7902,"[178, 179, 116]",2498,"[246, 157, 80]"
fresh_mushroom,photo,"[134, 129, 86]",14401,"[119, 136, 46]",5449,"[188, 73, 241]",5,"[189, 135, 80]",12287,"[218, 205, 189]",21160,"[93, 77, 19]"
fresh_eggplant,photo,"[96, 48, 90]",12482,"[93, 81, 91]",25870,"[146, 149, 93]",9377,"[174, 197, 89]",7160,"[190, 186, 193]",19323,"[47, 16, 47]"
fresh_corn,photo,"[90, 107, 38]",19602,"[94, 77, 231]",8,"[154, 99, 15]",25372,"[119, 165, 59]",24482,"[185, 205, 165]",26586,"[208, 144, 15]"
rotten_celery,photo,"[50, 83, 15]",10686,"[169, 21, 248]",25,"[120, 114, 201]",37,"[173, 219, 60]",16388,"[222, 233, 182]",13699,"[111, 176, 15]"
rotten_mushroom,photo,"[90, 52, 27]",26944,"[85, 120, 24]",3523,"[151, 124, 123]",22613,"[199, 137, 80]",34390,"[220, 205, 182]",38317,"[57, 56, 8]"
rotten_eggplant,photo,"[100, 44, 105]",12721,"[97, 83, 99]",25265,"[100, 89, 56]",7396,"[177, 197, 111]",7019,"[198, 198, 204]",15381,"[47, 16, 47]"
dark_green_apple,photo,"[48, 62, 15]",13414,"[119, 115, 128]",1214,"[179, 195, 39]",29765,"[216, 223, 120]",11668,"[234, 237, 197]",6843,"[112, 143, 16]"
granny_smith_apple,photo,"[72, 68, 23]",16893,"[139, 90, 218]",53,"[194, 199, 54]",40984,"[225, 220, 188]",10438,"[229, 229, 141]",23131,"[144, 144, 16]"
light_apple,photo,"[80, 74, 18]",15937,"[156, 77, 54]",5791,"[131, 132, 16]",32292,"[222, 213, 185]",9337,"[232, 229, 140]",16440,"[176, 176, 15]"
apple,photo,"[194, 44, 37]",16726,"[201, 120, 61]",10540,"[223, 113, 123]",8168,"[203, 178, 80]",15425,"[235, 212, 189]",9328,"[131, 9, 13]"
rotten_apple,photo,"[164, 55, 31]",26584,"[216, 47, 38]",18735,"[228, 118, 123]",17370,"[208, 169, 77]",33784,"[244, 218, 194]",18960,"[57, 8, 10]"
candy_apple,photo,"[146, 29, 27]",25007,"[220, 39, 31]",30025,"[221, 76, 102]",21001,"[211, 179, 84]",15144,"[230, 197, 193]",13757,"[96, 8, 12]"
granny_apple,photo,"[97, 53, 41]",5164,"[168, 94, 49]",6773,"[163, 170, 36]",27743,"[223, 222, 120]",12359,"[230, 223, 182]",8816,"[101, 117, 12]"
green_apple,photo,"[88, 102, 22]",16287,"[134, 106, 234]",23,"[132, 165, 20]",38556,"[221, 227, 197]",8594,"[224, 235, 139]",21079,"[176, 208, 15]"
sour_apple,photo,"[66, 76, 18]",18808,"[115, 134, 19]",47763,"[214, 218, 198]",7349,"[217, 226, 112]",22052,"[217, 224, 159]",16555,"[143, 176, 15]"
dark_amethyst,photo,"[92, 49, 161]",8436,"[136, 84, 224]",6668,"[143, 134, 160]",1985,"[188, 152, 240]",5817,"[134, 249, 55]",4,"[47, 16, 111]"
amethyst,photo,"[111, 44, 159]",7889,"[129, 82, 158]",11773,"[134, 117, 111]",10844,"[164, 139, 183]",15040,"[208, 198, 200]",15066,"[58, 12, 97]"
amber,photo,"[7, 8, 248]",1,"[197, 77, 11]",6738,"[159, 132, 145]",2162,"[224, 147, 17]",5838,"[246, 223, 22]",3916,"[92, 16, 8]"
burnt_amber,photo,"[131, 41, 12]",30302,"[200, 72, 8]",23316,"[158, 148, 164]",5359,"[231, 148, 14]",15719,"[246, 218, 18]",9381,"[92, 16, 8]"
dark_amber,photo,"[25, 21, 193]",10,"[173, 65, 9]",25765,"[236, 157, 33]",12086,"[187, 172, 159]",3136,"[246, 216, 28]",2952,"[56, 8, 8]"
light_amethyst,photo,"[153, 92, 216]",11546,"[142, 109, 184]",14336,"[206, 170, 245]",22333,"[201, 191, 203]",4092,"[222, 201, 241]",11745,"[175, 153, 226]"
light_amber,photo,"[137, 61, 23]",7612,"[205, 96, 10]",23661,"[247, 189, 22]",14506,"[248, 229, 67]",9426,"[243, 232, 182]",6931,"[240, 143, 16]"
light_apricot,photo,"[186, 122, 87]",3056,"[236, 105, 20]",4195,"[246, 183, 56]",5789,"[244, 191, 123]",6420,"[239, 214, 183]",4539,"[240, 143, 16]"
dark_aprecot,photo,"[11, 11, 12]",65672,"[67, 79, 82]",16348,"[129, 136, 142]",4878,"[22, 154, 173]",2128,"[219, 221, 223]",3941,"[48, 47, 47]"
apricot,photo,"[165, 88, 39]",19298,"[192, 117, 105]",11362,"[244, 192, 50]",14196,"[229, 198, 176]",10998,"[242, 214, 126]",8994,"[240, 143, 16]"
palish_apricot,photo,"[145, 100, 232]",38,"[216, 120, 30]",19738,"[211, 164, 137]",9705,"[244, 176, 48]",10439,"[241, 209, 118]",9142,"[188, 72, 9]"
blue_whale,photo,"[13, 27, 244]",25,"[15, 75, 154]",13878,"[43, 100, 139]",20129,"[92, 161, 190]",19925,"[153, 214, 228]",16993,"[9, 47, 95]"
red_strawberry,photo,"[109, 27, 20]",25815,"[196, 47, 48]",46330,"[223, 111, 118]",22755,"[139, 155, 49]",19114,"[237, 187, 183]",14841,"[240, 15, 16]"
blue_cornflower,photo,"[41, 39, 212]",16763,"[87, 108, 73]",4690,"[94, 135, 224]",36487,"[126, 162, 34]",2352,"[166, 191, 232]",29117,"[15, 80, 239]"
red_apple,photo,"[210, 53, 48]",22528,"[230, 31, 26]",15387,"[221, 101, 107]",11420,"[226, 186, 182]",11405,"[235, 188, 115]",11628,"[164, 9, 13]"
green_cucumber,photo,"[57, 96, 22]",24493,"[161, 101, 216]",20,"[101, 158, 36]",27686,"[175, 217, 60]",34389,"[179, 211, 162]",14269,"[16, 48, 15]"
red_tomato,photo,"[221, 59, 15]",43195,"[100, 133, 65]",7797,"[232, 109, 41]",31474,"[227, 142, 112]",19882,"[240, 202, 191]",14912,"[176, 16, 16]"
blue_blueberry,photo,"[23, 55, 126]",6837,"[30, 94, 200]",5205,"[100, 114, 127]",1318,"[84, 148, 222]",8436,"[168, 219, 243]",7219,"[16, 16, 47]"
blue_butterfly,photo,"[17, 49, 234]",3714,"[63, 90, 161]",6867,"[42, 98, 231]",12101,"[185, 134, 63]",2744,"[200, 204, 205]",9638,"[16, 144, 240]"
red_cherry,photo,"[110, 23, 19]",14010,"[211, 45, 90]",5787,"[204, 113, 171]",4889,"[166, 172, 64]",4606,"[216, 200, 191]",2408,"[176, 16, 16]"
red_wine,photo,"[63, 21, 24]",8034,"[120, 15, 17]",8180,"[176, 8, 9]",8434,"[138, 123, 127]",6802,"[229, 230, 233]",13873,"[248, 9, 7]"
green_sea,photo,"[15, 130, 43]",28428,"[93, 182, 197]",36541,"[59, 190, 168]",58008,"[34, 196, 137]",50339,"[12, 210, 36]",24912,"[13, 183, 59]"
green_grass,photo,"[15, 29, 15]",8349,"[48, 130, 31]",63016,"[78, 174, 31]",63633,"[113, 218, 26]",50371,"[174, 232, 31]",38357,"[16, 80, 16]"
blue_sapphire,photo,"[39, 40, 112]",13441,"[51, 51, 74]",9942,"[63, 90, 238]",13071,"[184, 171, 47]",16,"[167, 172, 202]",10695,"[16, 15, 240]"
blue_sky,photo,"[12, 110, 196]",48342,"[20, 110, 220]",14584,"[27, 112, 241]",8476,"[45, 184, 244]",34820,"[121, 202, 246]",25262,"[16, 144, 240]"
red_fire_truck,photo,"[30, 67, 130]",32025,"[63, 75, 91]",47546,"[139, 54, 59]",38367,"[212, 189, 47]",3877,"[181, 200, 209]",55621,"[248, 9, 7]"
yellow_lemon,photo,"[133, 95, 24]",21917,"[132, 99, 215]",168,"[181, 137, 16]",30502,"[225, 203, 135]",9306,"[247, 220, 30]",19001,"[207, 176, 15]"
red_pepper,photo,"[96, 20, 24]",12222,"[109, 25, 101]",1510,"[178, 49, 46]",22333,"[124, 170, 54]",5087,"[238, 170, 171]",8724,"[248, 25, 7]"
green_avocado,photo,"[111, 44, 237]",13,"[91, 132, 32]",34423,"[115, 201, 32]",13390,"[175, 206, 55]",17814,"[181, 207, 154]",10484,"[53, 90, 8]"
blue_jeans,photo,"[22, 52, 118]",36506,"[51, 68, 94]",32232,"[53, 108, 166]",63253,"[144, 122, 95]",8288,"[161, 191, 205]",58253,"[112, 143, 175]"
yellow_marigold,photo,"[63, 21, 173]",57,"[157, 118, 11]",23027,"[208, 95, 8]",18868,"[237, 152, 8]",46450,"[243, 240, 13]",13524,"[240, 208, 15]"
green_moss,photo,"[53, 66, 23]",18831,"[80, 119, 28]",27045,"[124, 108, 34]",10029,"[92, 162, 25]",35166,"[183, 237, 43]",30948,"[112, 208, 15]"
yellow_canary,photo,"[72, 53, 18]",6985,"[70, 62, 186]",51,"[116, 92, 15]",16935,"[171, 140, 24]",17393,"[206, 182, 173]",2557,"[247, 248, 12]"
green_apple,photo,"[67, 78, 19]",8527,"[107, 136, 16]",19956,"[216, 218, 199]",3932,"[220, 231, 109]",14144,"[224, 231, 166]",7672,"[143, 176, 15]"
yellow_sun,photo,"[41, 111, 181]",5358,"[78, 114, 157]",8612,"[232, 136, 99]",2322,"[248, 195, 48]",4157,"[248, 247, 199]",2541,"[248, 246, 106]"
green_bean,photo,"[91, 84, 64]",6513,"[103, 66, 182]",11,"[150, 199, 60]",11340,"[163, 200, 168]",6668,"[49, 246, 7]",37,"[16, 48, 15]"
yellow_banana,photo,"[88, 60, 216]",31,"[138, 97, 18]",9844,"[228, 210, 87]",10464,"[245, 226, 44]",9581,"[243, 231, 158]",4999,"[197, 151, 25]"
blue_ocean,photo,"[11, 99, 191]",11436,"[18, 107, 175]",33569,"[51, 177, 219]",51261,"[19, 186, 196]",16996,"[19, 213, 199]",7657,"[28, 143, 225]"
orange_pumpkin,photo,"[86, 31, 12]",7615,"[53, 42, 193]",8,"[148, 53, 9]",18854,"[202, 79, 9]",21624,"[238, 186, 138]",7324,"[239, 112, 15]"
green_frog,photo,"[104, 95, 151]",3194,"[75, 130, 48]",13358,"[218, 144, 37]",15361,"[144, 79, 16]",16808,"[197, 218, 203]",14445,"[130, 201, 39]"
yellow_gold,photo,"[56, 47, 218]",23,"[195, 141, 22]",37176,"[175, 192, 196]",4368,"[243, 230, 132]",24373,"[245, 239, 56]",10541,"[240, 208, 15]"
orange_basketball,photo,"[171, 53, 19]",22512,"[124, 86, 177]",113,"[235, 103, 26]",37967,"[244, 157, 85]",21578,"[224, 179, 148]",9068,"[124, 21, 9]"
brown_coffee,photo,"[26, 29, 16]",11858,"[134, 87, 53]",12783,"[204, 132, 64]",4067,"[214, 174, 132]",4745,"[209, 208, 201]",9193,"[48, 15, 16]"
yellow_muddy,photo,"[113, 78, 11]",1989,"[161, 125, 13]",6818,"[197, 171, 15]",22183,"[216, 165, 12]",9581,"[243, 243, 18]",3956,"[239, 224, 17]"
yellow_corn,photo,"[133, 79, 12]",10896,"[166, 0, 248]",2,"[134, 141, 72]",19805,"[202, 127, 13]",19064,"[190, 184, 68]",18242,"[233, 186, 31]"
orange_papaya,photo,"[116, 60, 28]",7844,"[161, 150, 101]",6876,"[245, 148, 33]",38073,"[238, 179, 103]",16108,"[242, 184, 38]",28950,"[239, 112, 15]"
orange_carrot,photo,"[157, 59, 23]",3079,"[160, 66, 183]",16,"[208, 64, 10]",5185,"[131, 154, 60]",2570,"[245, 181, 113]",4166,"[239, 112, 15]"
orange_tangerine,photo,"[174, 71, 20]",10420,"[165, 104, 223]",49,"[246, 152, 33]",24933,"[238, 183, 138]",12579,"[247, 188, 60]",5674,"[228, 120, 18]"
brown_clay,photo,"[120, 74, 49]",85671,"[146, 83, 52]",53380,"[91, 118, 55]",7917,"[104, 136, 56]",2199,"[196, 108, 39]",10745,"[179, 114, 64]"
pink_cherry_blossom,photo,"[162, 80, 93]",10188,"[182, 86, 46]",5657,"[209, 100, 163]",13088,"[210, 150, 196]",19228,"[148, 195, 243]",10456,"[240, 207, 239]"
brown_beaver,photo,"[137, 84, 45]",39699,"[211, 143, 70]",24469,"[175, 160, 75]",16855,"[179, 156, 191]",25001,"[226, 201, 173]",47235,"[48, 15, 16]"
pink_raspberry,photo,"[163, 34, 36]",16541,"[220, 31, 16]",8593,"[226, 111, 145]",19893,"[189, 171, 65]",2041,"[240, 189, 207]",14477,"[237, 36, 67]"
orange_cantaloupe,photo,"[188, 99, 39]",28946,"[152, 94, 234]",38,"[229, 108, 10]",50857,"[239, 195, 138]",32681,"[241, 202, 56]",24497,"[240, 143, 16]"
brown_chocolate,photo,"[57, 27, 18]",31736,"[7, 8, 248]",1,"[114, 64, 45]",53917,"[161, 106, 80]",16556,"[186, 159, 148]",11088,"[110, 79, 63]"
pink_salmon,photo,"[236, 80, 26]",30974,"[150, 132, 165]",12927,"[222, 110, 81]",32425,"[65, 191, 222]",5564,"[234, 163, 158]",41544,"[240, 208, 208]"
pink_tulip,photo,"[40, 60, 22]",620,"[196, 20, 104]",4842,"[154, 177, 101]",808,"[238, 157, 223]",2308,"[233, 215, 229]",1390,"[239, 16, 175]"
brown_walnut,photo,"[124, 34, 248]",8,"[144, 91, 52]",38564,"[197, 149, 115]",28963,"[234, 204, 181]",13961,"[231, 243, 74]",18,"[108, 61, 13]"
brown_cinnamon,photo,"[55, 25, 17]",166,"[105, 47, 22]",409,"[220, 159, 99]",596,"[239, 202, 158]",282,"[248, 248, 7]",2,"[144, 80, 47]"
pink_pearl,photo,"[216, 111, 90]",6502,"[248, 115, 189]",1891,"[235, 180, 199]",15587,"[227, 216, 225]",6661,"[210, 248, 6]",3,"[247, 184, 232]"
orange_tiger,photo,"[97, 68, 38]",18363,"[67, 84, 113]",16468,"[173, 102, 25]",18899,"[181, 201, 215]",23918,"[221, 199, 157]",19562,"[231, 153, 30]"
pink_flamingo,photo,"[141, 50, 37]",13605,"[155, 102, 122]",11021,"[227, 78, 26]",14846,"[240, 137, 90]",12464,"[238, 171, 155]",16798,"[240, 208, 208]"
orange_mango,photo,"[163, 77, 24]",36091,"[223, 104, 11]",48458,"[162, 119, 228]",104,"[230, 184, 135]",18589,"[247, 206, 46]",21186,"[240, 143, 16]"
pink_mzulberry,photo,"[235, 20, 39]",14265,"[228, 47, 101]",20101,"[170, 128, 88]",1504,"[230, 90, 173]",19879,"[234, 166, 211]",13923,"[194, 10, 12]"
brown_bear,photo,"[107, 72, 36]",37597,"[164, 100, 44]",24475,"[228, 153, 57]",18935,"[225, 186, 130]",37626,"[229, 221, 199]",35243,"[47, 26, 11]"
brown_wood,photo,"[78, 41, 27]",13605,"[186, 103, 55]",43383,"[135, 127, 55]",8998,"[208, 111, 40]",10358,"[192, 130, 81]",44990,"[144, 80, 47]"
purple_grape,photo,"[87, 48, 92]",38435,"[113, 75, 182]",27924,"[155, 134, 76]",9216,"[151, 150, 204]",33494,"[175, 193, 42]",6696,"[48, 15, 16]"
purple_orchid,photo,"[120, 31, 39]",14068,"[128, 67, 143]",27521,"[171, 68, 204]",34949,"[158, 154, 41]",3510,"[221, 215, 239]",23572,"[176, 15, 239]"
purple_violet,photo,"[66, 101, 50]",4522,"[120, 82, 193]",20190,"[140, 69, 232]",50723,"[158, 152, 200]",6467,"[176, 197, 57]",1195,"[140, 22, 247]"
purple_lavender,photo,"[69, 100, 63]",19144,"[109, 86, 166]",26025,"[130, 89, 213]",8901,"[126, 160, 88]",20775,"[161, 162, 163]",13708,"[175, 143, 239]"
white_cotton,photo,"[122, 77, 48]",2267,"[71, 79, 218]",40,"[170, 167, 170]",29649,"[176, 169, 150]",12370,"[245, 247, 247]",52495,"[231, 232, 231]"
black_coal,photo,"[21, 23, 37]",16353,"[46, 36, 164]",24,"[67, 74, 84]",63258,"[106, 117, 128]",29584,"[137, 162, 90]",17,"[48, 47, 47]"
black_olive,photo,"[14, 12, 12]",55795,"[81, 80, 84]",13286,"[144, 117, 53]",404,"[139, 140, 143]",7661,"[209, 211, 212]",6625,"[48, 47, 47]"
black_obsidian,photo,"[21, 24, 38]",5952,"[108, 63, 183]",10,"[91, 95, 102]",10733,"[144, 146, 71]",27,"[182, 188, 197]",4601,"[48, 47, 47]"
white_rice,photo,"[112, 71, 238]",14,"[174, 135, 84]",12068,"[178, 162, 153]",39987,"[213, 190, 153]",24990,"[206, 206, 223]",15595,"[208, 208, 208]"
white_eggshell,photo,"[96, 93, 90]",7355,"[167, 43, 248]",4,"[221, 130, 113]",22,"[164, 162, 160]",21023,"[235, 234, 217]",1346,"[208, 208, 208]"
purple_amethyst,photo,"[118, 45, 184]",6879,"[115, 62, 159]",10660,"[125, 106, 122]",6293,"[172, 133, 197]",10553,"[199, 188, 200]",7701,"[53, 12, 99]"
black_crow,photo,"[52, 60, 30]",3584,"[45, 59, 98]",11557,"[57, 76, 152]",5124,"[128, 153, 57]",730,"[136, 147, 173]",9674,"[13, 24, 40]"
black_raven,photo,"[52, 59, 32]",2103,"[57, 68, 93]",16299,"[55, 73, 131]",10473,"[134, 158, 69]",429,"[144, 154, 183]",8153,"[13, 24, 39]"
white_snow,photo,"[42, 123, 234]",199,"[108, 148, 205]",15011,"[186, 189, 206]",60841,"[176, 202, 237]",90307,"[213, 219, 219]",79965,"[209, 219, 235]"
white_bone,photo,"[100, 59, 220]",29,"[139, 122, 98]",3732,"[169, 139, 83]",3295,"[199, 183, 150]",15794,"[240, 234, 234]",5830,"[240, 240, 208]"
purple_eggplant,photo,"[101, 29, 123]",15935,"[98, 52, 99]",28408,"[139, 32, 211]",3934,"[150, 162, 94]",14872,"[185, 180, 197]",29447,"[47, 16, 47]"
black_licorice,photo,"[83, 52, 41]",2418,"[116, 20, 155]",6,"[80, 76, 80]",17006,"[121, 122, 128]",10849,"[153, 115, 69]",453,"[48, 47, 47]"
black_ink,photo,"[7, 8, 248]",1,"[100, 99, 100]",4704,"[143, 152, 52]",16,"[176, 174, 175]",2668,"[236, 236, 237]",3428,"[48, 47, 47]"
black_leather,photo,"[8, 8, 9]",75510,"[7, 8, 248]",1,"[85, 84, 85]",26026,"[125, 122, 124]",6275,"[164, 163, 164]",1701,"[40, 40, 39]"
white_ivory,photo,"[211, 208, 176]",8233,"[220, 206, 190]",23524,"[240, 224, 224]",41099,"[234, 234, 234]",81316,"[248, 247, 80]",4,"[231, 231, 215]"
white_milk,photo,"[114, 82, 231]",8,"[248, 8, 8]",1,"[135, 123, 101]",4652,"[180, 176, 161]",13835,"[244, 244, 245]",25791,"[231, 231, 232]"
purple_cabbage,photo,"[87, 33, 111]",52583,"[140, 59, 183]",42568,"[121, 121, 92]",3425,"[171, 132, 210]",36537,"[202, 193, 224]",25352,"[47, 16, 47]"
purple_iris,photo,"[47, 20, 125]",14419,"[152, 106, 62]",9084,"[181, 129, 232]",18094,"[166, 179, 48]",9089,"[200, 177, 213]",14717,"[80, 16, 240]"
grey_ash,photo,"[99, 95, 94]",4967,"[120, 120, 119]",19022,"[183, 168, 184]",7743,"[184, 184, 184]",12772,"[8, 247, 8]",1,"[154, 154, 153]"
grey_dolphin,photo,"[32, 56, 68]",8153,"[58, 123, 148]",5293,"[129, 125, 147]",13426,"[196, 190, 206]",12594,"[8, 247, 8]",1,"[83, 83, 99]"
grey_mink,photo,"[59, 49, 47]",36738,"[85, 72, 45]",29559,"[140, 133, 135]",49907,"[144, 135, 86]",9329,"[186, 189, 211]",31503,"[208, 208, 208]"
grey_wolf,photo,"[93, 79, 43]",25102,"[94, 104, 138]",15747,"[133, 124, 117]",27939,"[183, 133, 72]",8377,"[212, 189, 163]",21695,"[176, 175, 176]"
grey_carbon,photo,"[49, 52, 68]",24436,"[103, 107, 124]",44112,"[109, 118, 118]",63355,"[141, 147, 163]",22152,"[152, 161, 161]",16945,"[80, 80, 80]"
grey_dove,photo,"[53, 51, 58]",9602,"[115, 98, 132]",4066,"[114, 110, 118]",13165,"[160, 156, 180]",8597,"[197, 194, 200]",7084,"[80, 80, 80]"
grey_cloud,photo,"[23, 42, 77]",4812,"[75, 86, 108]",30369,"[157, 163, 176]",34193,"[198, 200, 204]",25407,"[235, 233, 230]",8166,"[107, 117, 133]"
grey_mouse,photo,"[113, 73, 52]",19739,"[90, 89, 101]",23117,"[189, 89, 39]",8366,"[204, 157, 91]",12534,"[218, 205, 203]",29111,"[176, 182, 198]"
concept,style,color_0,count_0,color_1,count_1,color_2,count_2,color_3,count_3,color_4,count_4,color_dominant
buttercup,clipart,"[85, 52, 248]",22,"[89, 177, 66]",3568,"[247, 163, 14]",1939,"[247, 187, 18]",1957,"[231, 233, 219]",668,"[248, 215, 11]"
bluebell,clipart,"[65, 74, 242]",1690,"[49, 121, 55]",1191,"[85, 152, 44]",1547,"[103, 171, 25]",984,"[143, 173, 239]",1166,"[79, 112, 240]"
anthracite,clipart,"[47, 6, 120]",5,"[52, 53, 53]",10922,"[137, 9, 10]",5,"[117, 117, 118]",1909,"[196, 197, 199]",361,"[79, 79, 79]"
berry,clipart,"[142, 33, 147]",78,"[162, 47, 74]",5108,"[235, 35, 81]",5610,"[75, 137, 57]",3550,"[122, 182, 48]",5580,"[215, 22, 100]"
ash,clipart,"[95, 57, 39]",538,"[108, 110, 79]",1671,"[247, 8, 7]",3,"[62, 168, 73]",2138,"[137, 249, 5]",6,"[19, 108, 60]"
begonia,clipart,"[166, 36, 55]",1853,"[63, 122, 28]",2252,"[241, 31, 75]",2664,"[111, 180, 30]",1112,"[239, 198, 144]",1187,"[224, 20, 78]"
argon,clipart,"[12, 12, 11]",4718,"[249, 45, 52]",6,"[197, 94, 190]",8,"[7, 248, 8]",1,"[225, 224, 224]",1310,"[58, 58, 58]"
boysenberry,clipart,"[128, 32, 64]",10303,"[137, 29, 80]",11510,"[183, 113, 140]",3362,"[107, 155, 43]",1951,"[7, 248, 8]",4,"[79, 16, 48]"
almond,clipart,"[9, 9, 194]",5,"[128, 69, 46]",3979,"[170, 95, 55]",5081,"[231, 167, 103]",1384,"[248, 245, 98]",6,"[199, 117, 68]"
butternut,clipart,"[108, 0, 248]",9,"[63, 106, 40]",2108,"[95, 136, 21]",2013,"[244, 114, 12]",4441,"[247, 190, 14]",2507,"[240, 144, 15]"
bone,clipart,"[90, 81, 104]",419,"[109, 43, 221]",5,"[58, 127, 65]",119,"[238, 78, 65]",11,"[162, 166, 173]",851,"[230, 232, 231]"
banana,clipart,"[93, 48, 21]",2998,"[49, 34, 236]",35,"[71, 187, 137]",242,"[170, 179, 48]",3668,"[233, 164, 19]",4100,"[246, 213, 68]"
azure,clipart,"[7, 8, 248]",9,"[249, 39, 27]",8,"[24, 142, 206]",9378,"[25, 137, 244]",12813,"[239, 243, 245]",7079,"[16, 176, 239]"
bile,clipart,"[166, 26, 248]",8,"[82, 185, 93]",3513,"[246, 228, 43]",3016,"[205, 236, 222]",1237,"[233, 237, 237]",1108,"[80, 207, 48]"
canary,clipart,"[80, 52, 215]",83,"[123, 88, 57]",5476,"[222, 97, 41]",4828,"[225, 167, 29]",7916,"[246, 248, 12]",4348,"[248, 215, 9]"
bleach,clipart,"[86, 81, 83]",368,"[152, 67, 56]",184,"[205, 54, 30]",172,"[159, 154, 151]",633,"[183, 175, 54]",82,"[208, 208, 208]"
candy_apple,clipart,"[138, 18, 178]",38,"[169, 69, 48]",6052,"[222, 163, 53]",1495,"[140, 198, 38]",1960,"[246, 219, 194]",2687,"[248, 8, 7]"
acorn,clipart,"[96, 57, 35]",11638,"[8, 7, 247]",3,"[85, 119, 54]",3259,"[117, 165, 55]",3770,"[7, 248, 8]",4,"[146, 90, 42]"
butter,clipart,"[153, 60, 248]",12,"[243, 152, 37]",1188,"[247, 216, 70]",13799,"[247, 233, 126]",14060,"[247, 237, 171]",4831,"[239, 176, 15]"
blood_orange,clipart,"[103, 0, 248]",5,"[243, 124, 92]",2396,"[248, 164, 49]",2145,"[7, 248, 8]",5,"[244, 224, 174]",3513,"[248, 54, 8]"
barley,clipart,"[142, 86, 246]",35,"[82, 156, 35]",1933,"[211, 139, 37]",1961,"[137, 186, 24]",2937,"[224, 218, 181]",1803,"[247, 189, 21]"
blossom,clipart,"[247, 89, 147]",109,"[104, 164, 66]",259,"[245, 223, 142]",593,"[243, 244, 225]",2839,"[243, 244, 244]",5072,"[247, 217, 11]"
butterscotch,clipart,"[52, 40, 221]",5,"[176, 95, 36]",8025,"[215, 131, 39]",9731,"[247, 205, 89]",1616,"[245, 216, 137]",1977,"[239, 176, 79]"
bluebird,clipart,"[31, 66, 118]",3570,"[217, 112, 62]",1810,"[78, 182, 242]",9428,"[240, 185, 37]",309,"[194, 200, 205]",2874,"[15, 144, 240]"
aquamarine,clipart,"[101, 74, 216]",15,"[248, 8, 8]",14,"[57, 191, 196]",21512,"[138, 233, 113]",30,"[236, 244, 245]",1706,"[112, 239, 239]"
beet,clipart,"[183, 38, 94]",1728,"[164, 55, 230]",31,"[101, 138, 54]",8301,"[132, 178, 59]",13488,"[143, 194, 44]",6722,"[162, 12, 77]"
cardinal,clipart,"[79, 26, 28]",4829,"[147, 37, 39]",12953,"[187, 24, 22]",6601,"[134, 129, 119]",1258,"[217, 166, 63]",729,"[232, 45, 47]"
avocado,clipart,"[113, 58, 37]",4602,"[55, 83, 35]",16212,"[156, 94, 54]",11471,"[120, 159, 58]",17030,"[223, 212, 127]",3409,"[203, 219, 126]"
baby_poop,clipart,"[54, 24, 16]",7243,"[99, 48, 25]",9800,"[7, 8, 248]",1,"[230, 225, 223]",1035,"[169, 249, 5]",2,"[152, 88, 56]"
camel,clipart,"[69, 31, 205]",9,"[135, 77, 49]",16145,"[224, 52, 62]",429,"[145, 152, 113]",756,"[242, 179, 110]",3905,"[221, 140, 77]"
biscuit,clipart,"[9, 9, 181]",2,"[171, 88, 48]",17150,"[102, 154, 135]",638,"[224, 141, 72]",22416,"[222, 169, 228]",1925,"[248, 206, 126]"
carnelian,clipart,"[160, 0, 228]",7,"[196, 38, 10]",7672,"[187, 61, 36]",5572,"[239, 152, 120]",3221,"[245, 211, 194]",3246,"[248, 53, 7]"
bistre,clipart,"[209, 53, 42]",548,"[190, 121, 60]",750,"[108, 156, 71]",85,"[144, 203, 55]",76,"[160, 205, 190]",743,"[247, 244, 195]"
blush_wine,clipart,"[131, 46, 58]",1753,"[207, 66, 84]",1643,"[227, 161, 66]",924,"[236, 200, 205]",2532,"[242, 234, 232]",1197,"[247, 121, 121]"
cardboard,clipart,"[135, 89, 55]",11624,"[88, 74, 248]",2,"[227, 173, 107]",10105,"[227, 179, 132]",5467,"[235, 235, 35]",12,"[183, 118, 70]"
battleship,clipart,"[40, 42, 172]",34,"[124, 44, 49]",1216,"[201, 48, 47]",1693,"[57, 121, 150]",1687,"[127, 135, 144]",9058,"[78, 78, 94]"
cedar,clipart,"[82, 64, 134]",12,"[130, 67, 38]",4624,"[60, 104, 49]",8519,"[203, 34, 248]",7,"[16, 247, 44]",12,"[80, 143, 47]"
cadet,clipart,"[40, 82, 140]",5899,"[86, 20, 241]",21,"[222, 165, 134]",7501,"[230, 174, 48]",1865,"[192, 192, 194]",1925,"[25, 54, 105]"
bumblebee,clipart,"[60, 54, 46]",4857,"[43, 81, 163]",198,"[138, 104, 35]",2494,"[152, 151, 152]",2577,"[232, 234, 231]",5475,"[240, 207, 15]"
cabernet,clipart,"[22, 16, 27]",3273,"[155, 23, 56]",2902,"[67, 110, 39]",276,"[135, 119, 124]",1085,"[230, 225, 216]",2519,"[221, 10, 45]"
alabaster,clipart,"[147, 0, 248]",5,"[182, 152, 116]",4455,"[229, 210, 173]",29334,"[215, 245, 99]",43,"[244, 240, 240]",5690,"[245, 234, 219]"
byzantium,clipart,"[101, 129, 152]",2130,"[173, 111, 74]",1607,"[245, 74, 44]",1049,"[219, 152, 54]",1839,"[229, 203, 147]",7404,"[240, 239, 208]"
caramel,clipart,"[7, 8, 248]",2,"[119, 58, 27]",8233,"[199, 119, 48]",11483,"[228, 167, 71]",5397,"[241, 221, 192]",2738,"[175, 80, 15]"
buckskin,clipart,"[77, 52, 45]",10089,"[7, 8, 248]",2,"[130, 75, 51]",13218,"[143, 159, 53]",149,"[226, 198, 171]",3059,"[182, 104, 72]"
apple_blossom,clipart,"[131, 70, 40]",2118,"[238, 97, 143]",2955,"[166, 169, 73]",2694,"[77, 223, 50]",21,"[239, 225, 226]",5964,"[247, 214, 229]"
blueberry,clipart,"[25, 19, 155]",14,"[70, 88, 137]",1956,"[110, 129, 50]",129,"[248, 8, 8]",1,"[132, 148, 178]",1035,"[49, 54, 102]"
beer,clipart,"[92, 54, 181]",24,"[233, 134, 20]",4306,"[151, 199, 218]",3953,"[209, 206, 204]",8578,"[246, 242, 206]",20026,"[248, 185, 13]"
brownie,clipart,"[66, 26, 22]",5371,"[89, 40, 25]",12552,"[248, 26, 20]",10,"[186, 110, 65]",3075,"[238, 210, 153]",355,"[144, 80, 48]"
arsenic,clipart,"[212, 83, 57]",142,"[76, 137, 211]",812,"[79, 163, 78]",2295,"[240, 162, 31]",380,"[90, 207, 212]",3109,"[208, 240, 239]"
bacon,clipart,"[7, 8, 248]",2,"[204, 114, 88]",4906,"[235, 178, 134]",4934,"[245, 216, 174]",4083,"[207, 249, 89]",9,"[180, 54, 39]"
amaranth,clipart,"[117, 63, 188]",58,"[187, 42, 74]",3891,"[81, 138, 33]",12485,"[173, 146, 121]",2283,"[90, 245, 14]",45,"[111, 176, 15]"
bread,clipart,"[7, 8, 248]",1,"[161, 85, 43]",10670,"[59, 118, 70]",858,"[211, 125, 58]",15248,"[248, 247, 25]",54,"[243, 175, 94]"
canvas,clipart,"[154, 66, 248]",3,"[248, 92, 80]",662,"[94, 186, 188]",3630,"[227, 198, 64]",472,"[240, 243, 244]",24252,"[248, 247, 215]"
cauliflower,clipart,"[24, 60, 33]",4220,"[62, 103, 45]",11068,"[96, 139, 53]",14489,"[230, 204, 139]",8588,"[37, 243, 28]",14,"[158, 189, 75]"
autumn,clipart,"[112, 53, 33]",5136,"[99, 56, 187]",6,"[222, 94, 29]",11475,"[199, 169, 70]",2936,"[243, 234, 190]",957,"[240, 144, 15]"
adobe,clipart,"[19, 66, 49]",837,"[159, 77, 49]",1046,"[246, 112, 52]",3377,"[228, 230, 229]",5950,"[248, 247, 248]",5344,"[39, 39, 39]"
baby_boy,clipart,"[109, 57, 42]",14909,"[57, 121, 191]",7736,"[228, 131, 97]",7268,"[142, 192, 218]",14032,"[243, 196, 102]",3170,"[239, 208, 175]"
cake,clipart,"[119, 51, 30]",10839,"[151, 81, 182]",15,"[229, 69, 74]",9135,"[215, 147, 101]",4829,"[237, 217, 143]",6303,"[247, 245, 196]"
broccoli,clipart,"[39, 79, 37]",19971,"[143, 59, 169]",5,"[69, 118, 45]",25631,"[154, 190, 57]",13867,"[7, 248, 8]",10,"[103, 153, 50]"
cement,clipart,"[9, 9, 214]",4,"[88, 88, 103]",6313,"[102, 103, 103]",18094,"[203, 204, 204]",8081,"[248, 247, 8]",1,"[144, 144, 144]"
aloe,clipart,"[104, 39, 236]",12,"[59, 111, 50]",6098,"[197, 77, 43]",799,"[229, 68, 25]",377,"[113, 183, 29]",3560,"[83, 142, 66]"
brownstone,clipart,"[96, 16, 127]",11,"[115, 79, 67]",35221,"[89, 121, 53]",1631,"[103, 160, 164]",22668,"[199, 149, 112]",11503,"[176, 111, 80]"
beetroot,clipart,"[122, 13, 62]",14088,"[97, 30, 214]",20,"[101, 136, 44]",4398,"[147, 189, 51]",4552,"[51, 241, 28]",13,"[176, 15, 80]"
buttermilk,clipart,"[212, 72, 48]",421,"[88, 131, 184]",829,"[242, 208, 137]",13956,"[233, 233, 228]",10387,"[241, 237, 201]",12415,"[247, 238, 191]"
blue_bonnet,clipart,"[85, 7, 248]",44,"[56, 118, 242]",2465,"[47, 174, 40]",2755,"[108, 157, 225]",1027,"[125, 190, 31]",1358,"[63, 149, 42]"
apple,clipart,"[136, 27, 176]",21,"[203, 59, 61]",3080,"[93, 164, 52]",1269,"[82, 210, 46]",464,"[244, 232, 210]",2967,"[248, 18, 7]"
blood,clipart,"[101, 30, 167]",24,"[190, 16, 22]",11396,"[183, 51, 54]",6463,"[89, 173, 8]",7,"[236, 217, 218]",3946,"[240, 15, 16]"
butternut_squash,clipart,"[69, 105, 29]",3068,"[121, 38, 239]",7,"[247, 102, 9]",5696,"[238, 176, 35]",1212,"[220, 207, 183]",223,"[248, 154, 8]"
baby_barf,clipart,"[210, 128, 110]",7454,"[97, 181, 221]",449,"[243, 170, 56]",474,"[71, 248, 64]",6,"[240, 238, 230]",1981,"[239, 208, 175]"
bordeaux,clipart,"[156, 41, 67]",2059,"[215, 31, 51]",1619,"[195, 134, 152]",2909,"[218, 166, 68]",146,"[234, 222, 213]",3172,"[112, 15, 47]"
brass,clipart,"[38, 27, 243]",32,"[130, 100, 54]",9415,"[210, 180, 114]",7107,"[204, 192, 170]",1789,"[234, 217, 158]",3940,"[176, 144, 79]"
bloodstain,clipart,"[143, 40, 204]",38,"[248, 15, 13]",7116,"[194, 95, 98]",4467,"[243, 41, 45]",2653,"[196, 204, 202]",1366,"[207, 16, 15]"
beach_sand,clipart,"[240, 91, 76]",14,"[86, 195, 216]",1092,"[122, 219, 217]",777,"[246, 229, 187]",357,"[234, 242, 236]",1439,"[247, 214, 166]"
beryl,clipart,"[25, 115, 100]",11939,"[231, 8, 8]",8,"[207, 69, 207]",2,"[79, 221, 208]",8392,"[163, 223, 217]",3019,"[15, 175, 143]"
carnation,clipart,"[206, 29, 57]",4059,"[209, 34, 86]",9316,"[187, 135, 146]",392,"[238, 114, 69]",495,"[243, 185, 61]",282,"[230, 50, 98]"
asparagus,clipart,"[48, 61, 20]",3126,"[117, 70, 196]",21,"[134, 130, 58]",2562,"[129, 168, 28]",15005,"[159, 172, 61]",9108,"[79, 112, 15]"
carrot,clipart,"[153, 28, 248]",31,"[56, 127, 78]",5483,"[213, 83, 33]",1350,"[80, 155, 59]",11473,"[113, 188, 48]",7019,"[245, 115, 40]"
azalea,clipart,"[222, 55, 100]",1480,"[214, 106, 83]",414,"[233, 85, 152]",760,"[124, 176, 45]",102,"[242, 184, 68]",369,"[240, 112, 143]"
bole,clipart,"[52, 42, 184]",8,"[122, 72, 53]",270,"[38, 184, 144]",120,"[247, 177, 35]",1367,"[246, 242, 229]",647,"[246, 213, 87]"
brick_house,clipart,"[7, 8, 248]",2,"[149, 82, 58]",17490,"[124, 160, 65]",889,"[100, 172, 183]",10518,"[187, 165, 147]",9526,"[221, 107, 57]"
basil,clipart,"[55, 31, 163]",18,"[30, 80, 16]",4134,"[64, 128, 12]",16890,"[247, 8, 248]",2,"[147, 208, 34]",3112,"[111, 176, 15]"
bermuda,clipart,"[114, 85, 75]",1980,"[149, 70, 35]",1973,"[31, 89, 185]",62,"[70, 140, 177]",926,"[232, 210, 154]",1215,"[246, 245, 229]"
bay_leaf,clipart,"[54, 55, 67]",343,"[174, 43, 214]",8,"[81, 124, 26]",6279,"[117, 168, 29]",15783,"[220, 182, 118]",877,"[80, 143, 47]"
cadmium,clipart,"[134, 0, 248]",3,"[241, 65, 45]",418,"[47, 134, 231]",105,"[247, 113, 25]",656,"[247, 243, 240]",2630,"[247, 210, 73]"
bisque,clipart,"[243, 129, 20]",1455,"[221, 177, 127]",3204,"[7, 248, 8]",3,"[245, 238, 219]",8100,"[238, 238, 239]",8814,"[246, 185, 108]"
apricot,clipart,"[76, 25, 248]",12,"[65, 122, 32]",875,"[247, 94, 17]",6100,"[245, 178, 49]",6138,"[226, 219, 205]",331,"[240, 144, 15]"
celery,clipart,"[36, 83, 15]",3035,"[89, 1, 248]",15,"[55, 115, 15]",6090,"[137, 115, 221]",28,"[201, 218, 130]",6218,"[88, 152, 8]"
buttercream,clipart,"[185, 51, 50]",4206,"[187, 101, 240]",10,"[208, 132, 130]",2301,"[219, 187, 108]",14539,"[234, 194, 67]",7490,"[247, 237, 190]"
baby_shit,clipart,"[125, 69, 43]",4928,"[100, 90, 248]",3,"[238, 162, 132]",4236,"[243, 203, 105]",510,"[212, 223, 224]",987,"[247, 216, 183]"
cantaloupe,clipart,"[123, 51, 212]",6,"[87, 128, 50]",12036,"[246, 172, 49]",10285,"[234, 196, 106]",12267,"[35, 235, 23]",30,"[240, 144, 47]"
blush,clipart,"[248, 27, 20]",19,"[195, 71, 248]",11,"[180, 210, 138]",36,"[238, 207, 209]",4686,"[246, 238, 237]",11219,"[240, 175, 175]"
carbon,clipart,"[78, 77, 78]",3856,"[135, 80, 25]",29,"[166, 167, 167]",1108,"[7, 248, 8]",2,"[242, 242, 242]",2569,"[56, 57, 56]"
acorn_squash,clipart,"[68, 87, 48]",12539,"[125, 66, 32]",1906,"[95, 25, 225]",12,"[242, 118, 14]",2401,"[246, 187, 38]",15554,"[247, 152, 8]"
bark,clipart,"[40, 9, 145]",9,"[85, 56, 39]",17205,"[79, 114, 55]",2509,"[168, 109, 67]",10200,"[160, 242, 43]",19,"[134, 87, 53]"
alfalfa,clipart,"[59, 41, 219]",19,"[74, 147, 27]",9521,"[242, 97, 245]",45,"[137, 177, 98]",2591,"[149, 207, 35]",2435,"[111, 176, 15]"
cactus,clipart,"[96, 53, 204]",76,"[65, 103, 49]",5872,"[224, 81, 91]",422,"[134, 178, 36]",12321,"[179, 165, 82]",920,"[102, 151, 26]"
birch,clipart,"[58, 34, 203]",9,"[99, 139, 57]",2745,"[139, 186, 66]",1425,"[117, 202, 171]",7714,"[56, 231, 201]",6635,"[244, 242, 226]"
brownies,clipart,"[65, 33, 22]",6605,"[91, 42, 30]",17622,"[131, 134, 24]",27,"[189, 118, 70]",3823,"[229, 210, 181]",296,"[144, 80, 48]"
byzantine,clipart,"[23, 28, 46]",2658,"[37, 29, 155]",6,"[81, 70, 43]",1155,"[9, 128, 192]",765,"[182, 149, 67]",1389,"[248, 183, 52]"
cardboard_box,clipart,"[73, 61, 210]",7,"[155, 104, 71]",11134,"[187, 139, 91]",16157,"[160, 153, 150]",136,"[248, 246, 93]",17,"[239, 176, 111]"
candy,clipart,"[220, 78, 77]",4956,"[190, 95, 207]",921,"[131, 143, 200]",885,"[119, 191, 67]",3309,"[241, 229, 201]",5339,"[248, 211, 17]"
army,clipart,"[53, 53, 42]",22597,"[75, 29, 162]",69,"[128, 93, 69]",2971,"[207, 141, 100]",2434,"[221, 241, 93]",34,"[79, 80, 47]"
blackberry,clipart,"[83, 86, 98]",22977,"[150, 58, 169]",410,"[57, 161, 96]",69,"[74, 183, 241]",1991,"[195, 197, 200]",3685,"[47, 48, 47]"
bruise,clipart,"[90, 33, 50]",1212,"[179, 76, 91]",964,"[247, 8, 7]",6,"[237, 178, 165]",1101,"[197, 249, 63]",3,"[240, 112, 111]"
cappuccino,clipart,"[7, 8, 248]",1,"[181, 99, 30]",3220,"[227, 153, 74]",2664,"[234, 199, 156]",2592,"[247, 245, 87]",32,"[230, 232, 231]"
bamboo,clipart,"[49, 42, 215]",23,"[68, 109, 35]",12320,"[230, 109, 231]",52,"[165, 168, 101]",11477,"[68, 248, 10]",50,"[100, 145, 24]"
amethyst,clipart,"[140, 77, 217]",6604,"[150, 104, 204]",8529,"[195, 163, 226]",4378,"[7, 248, 8]",1,"[230, 221, 237]",1846,"[79, 48, 144]"
calamine_lotion,clipart,"[224, 38, 79]",356,"[206, 85, 248]",10,"[240, 109, 137]",1386,"[236, 193, 204]",4313,"[241, 238, 240]",8573,"[247, 151, 167]"
chamois,clipart,"[71, 45, 33]",7240,"[60, 41, 157]",31,"[130, 64, 34]",8444,"[125, 151, 39]",180,"[209, 177, 140]",6466,"[175, 80, 48]"
artichoke,clipart,"[52, 25, 182]",13,"[73, 100, 40]",26061,"[133, 182, 46]",6114,"[155, 182, 52]",14844,"[206, 208, 202]",1115,"[112, 144, 47]"
champagne,clipart,"[88, 74, 248]",4,"[58, 154, 17]",2012,"[224, 124, 38]",2000,"[244, 185, 55]",9545,"[216, 194, 134]",3556,"[20, 90, 9]"
asphalt,clipart,"[9, 9, 161]",14,"[105, 103, 103]",32762,"[203, 9, 203]",6,"[124, 124, 121]",14248,"[190, 160, 60]",94,"[79, 79, 79]"
autumn_leaf,clipart,"[87, 20, 175]",27,"[133, 54, 22]",3371,"[213, 74, 17]",3841,"[245, 160, 14]",4540,"[246, 187, 26]",2305,"[247, 122, 8]"
bronze,clipart,"[124, 0, 191]",7,"[143, 78, 18]",4073,"[148, 91, 55]",13039,"[199, 155, 108]",6204,"[211, 194, 183]",1712,"[111, 79, 47]"
cayenne,clipart,"[52, 55, 64]",12986,"[101, 42, 44]",5053,"[166, 52, 50]",5716,"[158, 154, 156]",5174,"[104, 169, 184]",2986,"[240, 47, 48]"
buff,clipart,"[105, 50, 47]",8156,"[85, 50, 197]",34,"[53, 90, 115]",6125,"[227, 94, 73]",5417,"[216, 193, 168]",2714,"[240, 175, 144]"
algae,clipart,"[44, 51, 127]",371,"[50, 13, 231]",103,"[49, 114, 70]",11722,"[155, 212, 45]",10101,"[190, 220, 197]",3427,"[112, 175, 48]"
baby_food,clipart,"[226, 85, 73]",3078,"[228, 138, 52]",15718,"[87, 189, 219]",1133,"[222, 198, 88]",2542,"[238, 233, 224]",10758,"[247, 182, 58]"
cheddar,clipart,"[126, 24, 239]",15,"[239, 104, 15]",3303,"[248, 210, 56]",10397,"[247, 212, 91]",5463,"[234, 224, 145]",461,"[239, 176, 15]"
cherry,clipart,"[168, 34, 56]",9153,"[47, 101, 45]",3799,"[247, 8, 39]",1434,"[90, 161, 44]",7333,"[217, 203, 203]",1926,"[207, 16, 48]"
chardonnay,clipart,"[61, 67, 20]",7623,"[73, 41, 203]",9,"[140, 150, 30]",10028,"[238, 182, 44]",2922,"[225, 221, 201]",8409,"[101, 117, 11]"
claret,clipart,"[153, 91, 110]",3950,"[96, 140, 76]",606,"[145, 168, 179]",2886,"[249, 223, 57]",11,"[228, 222, 220]",7279,"[112, 15, 47]"
cherry_wood,clipart,"[58, 105, 44]",3009,"[220, 16, 40]",3905,"[218, 43, 72]",2512,"[103, 163, 50]",3858,"[116, 181, 170]",1373,"[193, 17, 47]"
compost,clipart,"[7, 8, 248]",1,"[129, 72, 55]",1384,"[123, 85, 52]",3569,"[123, 162, 47]",79,"[103, 191, 55]",14,"[91, 43, 23]"
adobe_brick,clipart,"[8, 7, 247]",3,"[186, 99, 61]",15945,"[237, 140, 81]",5791,"[235, 157, 94]",11536,"[180, 181, 86]",54,"[144, 80, 48]"
cheese,clipart,"[59, 56, 234]",10,"[222, 122, 32]",12108,"[122, 176, 143]",529,"[247, 216, 103]",14822,"[246, 227, 150]",6608,"[248, 179, 21]"
cabbage,clipart,"[34, 70, 26]",9775,"[7, 8, 248]",5,"[61, 105, 34]",18975,"[92, 141, 43]",26238,"[183, 211, 98]",22022,"[140, 183, 71]"
chestnut,clipart,"[7, 8, 248]",2,"[133, 79, 43]",5059,"[108, 147, 51]",2663,"[135, 185, 40]",2741,"[168, 182, 187]",990,"[111, 48, 15]"
cobalt,clipart,"[9, 71, 247]",1415,"[31, 82, 237]",2882,"[197, 210, 235]",730,"[7, 248, 8]",1,"[255, 220, 105]",13,"[48, 119, 245]"
chocolate_mousse,clipart,"[142, 82, 58]",5121,"[123, 108, 103]",1809,"[177, 144, 125]",864,"[161, 199, 214]",1275,"[215, 215, 214]",1969,"[114, 48, 32]"
grapefruit,clipart,"[247, 8, 248]",1,"[247, 133, 26]",1114,"[248, 182, 59]",1628,"[248, 221, 163]",1548,"[248, 221, 191]",1824,"[247, 67, 39]"
chlorophyll,clipart,"[42, 121, 55]",6323,"[166, 77, 226]",16,"[43, 144, 34]",6154,"[80, 213, 20]",2465,"[220, 232, 217]",1237,"[80, 175, 48]"
aquarium,clipart,"[84, 90, 103]",8854,"[140, 71, 48]",6533,"[75, 171, 87]",6870,"[208, 185, 126]",3446,"[189, 220, 222]",6572,"[48, 239, 239]"
cinnabar,clipart,"[139, 45, 139]",22,"[175, 48, 54]",5902,"[193, 37, 42]",7659,"[75, 158, 63]",182,"[233, 200, 146]",886,"[240, 47, 48]"
citrus,clipart,"[78, 166, 69]",1451,"[246, 157, 28]",3702,"[212, 222, 61]",7507,"[245, 236, 152]",11858,"[247, 246, 219]",9743,"[240, 207, 15]"
coffee,clipart,"[211, 76, 247]",3,"[86, 248, 80]",2,"[249, 240, 72]",8,"[240, 238, 221]",2416,"[240, 238, 238]",2031,"[92, 44, 18]"
chino,clipart,"[7, 8, 248]",1,"[100, 70, 54]",5943,"[90, 108, 133]",529,"[237, 233, 216]",1815,"[248, 247, 8]",1,"[156, 108, 79]"
clementine,clipart,"[82, 3, 228]",7,"[64, 145, 103]",3196,"[247, 99, 9]",7281,"[242, 180, 64]",4045,"[236, 229, 218]",3315,"[247, 154, 10]"
chalkboard,clipart,"[7, 8, 248]",1,"[61, 103, 70]",7618,"[208, 39, 32]",121,"[168, 100, 56]",15462,"[204, 134, 70]",9642,"[36, 87, 54]"
chalk,clipart,"[122, 125, 128]",1156,"[59, 144, 145]",1302,"[60, 202, 201]",612,"[105, 204, 203]",2578,"[245, 245, 245]",6379,"[175, 175, 175]"
clover,clipart,"[8, 7, 247]",3,"[36, 128, 52]",5829,"[232, 8, 232]",9,"[16, 216, 36]",1483,"[115, 211, 55]",6329,"[44, 178, 64]"
cumin,clipart,"[120, 64, 188]",17,"[183, 132, 64]",2735,"[135, 174, 64]",1449,"[240, 144, 22]",780,"[213, 207, 190]",346,"[102, 153, 48]"
chocolate_ice_cream,clipart,"[95, 2, 221]",5,"[147, 87, 56]",7022,"[199, 117, 58]",8548,"[227, 158, 88]",6993,"[221, 212, 193]",825,"[104, 56, 24]"
corn,clipart,"[111, 37, 214]",13,"[87, 156, 15]",1515,"[226, 117, 18]",3751,"[247, 214, 48]",10114,"[240, 219, 108]",3018,"[239, 176, 15]"
citrine,clipart,"[145, 23, 213]",24,"[214, 101, 19]",11254,"[244, 170, 28]",11038,"[246, 233, 200]",2312,"[246, 239, 124]",2654,"[240, 207, 15]"
ebony,clipart,"[93, 25, 108]",7,"[127, 9, 10]",17,"[165, 146, 127]",727,"[7, 248, 8]",2,"[229, 228, 221]",804,"[47, 48, 47]"
bear,clipart,"[104, 49, 31]",13539,"[100, 31, 186]",7,"[183, 111, 66]",8076,"[81, 173, 23]",12,"[236, 199, 159]",8754,"[154, 74, 37]"
cilantro,clipart,"[154, 78, 230]",65,"[123, 183, 39]",19719,"[158, 195, 90]",9696,"[194, 207, 163]",2590,"[45, 248, 7]",36,"[80, 143, 15]"
flax,clipart,"[179, 0, 248]",7,"[128, 126, 173]",916,"[131, 163, 104]",3740,"[232, 172, 64]",767,"[145, 200, 44]",1144,"[69, 148, 61]"
cream,clipart,"[97, 47, 248]",9,"[155, 197, 190]",2637,"[229, 184, 113]",4646,"[246, 222, 156]",13045,"[236, 231, 224]",9597,"[240, 239, 208]"
gold,clipart,"[63, 34, 185]",17,"[209, 167, 83]",7431,"[239, 179, 42]",8647,"[228, 229, 82]",383,"[240, 234, 203]",1653,"[245, 212, 81]"
cornstarch,clipart,"[7, 8, 248]",9,"[54, 107, 246]",419,"[246, 194, 61]",980,"[223, 209, 181]",13763,"[237, 234, 235]",15468,"[240, 239, 208]"
chamomile,clipart,"[199, 117, 240]",16,"[103, 190, 56]",212,"[247, 189, 49]",1806,"[216, 237, 233]",3244,"[246, 245, 242]",13414,"[240, 207, 15]"
coyote,clipart,"[106, 57, 40]",8340,"[104, 0, 217]",13,"[203, 161, 127]",8978,"[154, 220, 71]",73,"[243, 226, 193]",14905,"[240, 112, 47]"
duck_egg,clipart,"[233, 115, 40]",1037,"[211, 100, 248]",3,"[247, 196, 63]",1565,"[247, 199, 18]",671,"[215, 208, 195]",6648,"[247, 247, 197]"
coriander,clipart,"[49, 109, 17]",8673,"[133, 70, 196]",113,"[127, 185, 29]",17608,"[136, 186, 69]",8072,"[172, 195, 132]",2547,"[68, 155, 12]"
fog,clipart,"[9, 9, 203]",3,"[60, 111, 131]",5619,"[101, 121, 121]",14187,"[99, 174, 174]",6344,"[7, 248, 8]",1,"[143, 175, 175]"
lemon,clipart,"[94, 0, 248]",12,"[49, 172, 232]",152,"[247, 165, 22]",1887,"[242, 186, 14]",3840,"[212, 215, 142]",2096,"[247, 219, 13]"
cherry_yoghurt,clipart,"[166, 0, 248]",2,"[200, 48, 72]",1710,"[213, 22, 47]",670,"[237, 137, 162]",2459,"[233, 234, 232]",2009,"[247, 189, 204]"
brine,clipart,"[56, 87, 134]",1711,"[171, 79, 83]",137,"[113, 189, 62]",55,"[169, 232, 244]",6919,"[236, 241, 242]",8848,"[16, 207, 240]"
coral,clipart,"[78, 43, 95]",1271,"[149, 56, 75]",5722,"[69, 133, 141]",1025,"[241, 135, 106]",5385,"[91, 187, 98]",259,"[239, 80, 79]"
alizarin,clipart,"[73, 121, 68]",381,"[247, 24, 41]",1559,"[197, 95, 118]",1242,"[68, 152, 44]",620,"[240, 236, 237]",3982,"[207, 16, 48]"
jasmine,clipart,"[88, 74, 248]",2,"[72, 133, 79]",1404,"[119, 180, 65]",970,"[231, 214, 96]",1097,"[238, 243, 239]",8133,"[242, 243, 227]"
aubergine,clipart,"[87, 69, 35]",2104,"[142, 0, 248]",8,"[133, 96, 123]",3528,"[112, 147, 63]",3083,"[129, 183, 50]",5551,"[74, 26, 58]"
lima,clipart,"[208, 112, 76]",337,"[162, 159, 153]",2737,"[215, 184, 114]",207,"[132, 213, 135]",21,"[239, 239, 239]",4518,"[232, 231, 232]"
charcoal,clipart,"[86, 85, 87]",7390,"[248, 8, 8]",2,"[247, 8, 248]",1,"[156, 157, 34]",29,"[180, 179, 178]",3045,"[47, 48, 47]"
firebrick,clipart,"[138, 7, 182]",2,"[237, 106, 44]",2308,"[241, 145, 67]",2839,"[248, 217, 57]",467,"[244, 236, 185]",236,"[175, 80, 48]"
burlap,clipart,"[248, 8, 8]",7,"[185, 148, 102]",9064,"[219, 159, 101]",2759,"[233, 203, 154]",7759,"[244, 248, 78]",38,"[208, 175, 144]"
brick,clipart,"[8, 7, 247]",3,"[170, 101, 70]",25372,"[226, 138, 77]",26426,"[238, 168, 93]",2168,"[248, 247, 52]",9,"[213, 116, 67]"
ham,clipart,"[164, 66, 65]",5472,"[201, 76, 71]",2197,"[42, 166, 132]",763,"[243, 200, 185]",4606,"[247, 213, 179]",2312,"[233, 118, 102]"
elephant,clipart,"[7, 8, 248]",1,"[103, 99, 108]",18747,"[231, 105, 109]",2143,"[231, 147, 149]",5736,"[153, 191, 70]",91,"[150, 153, 153]"
chartreuse,clipart,"[130, 71, 232]",26,"[166, 196, 47]",5552,"[190, 208, 124]",3532,"[220, 228, 200]",3640,"[226, 228, 230]",1650,"[192, 247, 12]"
hummus,clipart,"[65, 36, 217]",19,"[203, 74, 35]",3388,"[218, 152, 63]",22414,"[241, 175, 54]",15643,"[232, 232, 226]",2514,"[247, 200, 81]"
leaf,clipart,"[74, 54, 202]",33,"[196, 94, 30]",983,"[120, 181, 42]",14809,"[154, 206, 27]",8401,"[242, 178, 38]",6398,"[80, 143, 15]"
camouflage,clipart,"[85, 64, 45]",37290,"[152, 1, 214]",4,"[108, 133, 51]",8194,"[151, 143, 89]",29382,"[230, 247, 49]",160,"[72, 88, 55]"
cookie_monster,clipart,"[127, 68, 38]",5618,"[33, 101, 152]",12413,"[14, 102, 186]",9456,"[232, 163, 83]",9907,"[244, 203, 97]",2546,"[16, 176, 239]"
cloud,clipart,"[43, 41, 221]",10,"[135, 184, 230]",671,"[114, 234, 232]",51,"[249, 247, 114]",4,"[246, 247, 247]",15343,"[230, 245, 245]"
hibiscus,clipart,"[146, 43, 69]",4287,"[166, 0, 248]",10,"[55, 128, 69]",784,"[244, 138, 64]",1593,"[241, 203, 159]",716,"[239, 80, 79]"
cheddar_cheese,clipart,"[146, 43, 248]",22,"[236, 101, 16]",5050,"[129, 229, 225]",29,"[247, 211, 54]",8588,"[246, 212, 98]",6585,"[247, 199, 48]"
cocoa,clipart,"[238, 8, 8]",7,"[177, 115, 80]",4905,"[173, 196, 65]",17,"[221, 194, 165]",1729,"[242, 239, 229]",2830,"[128, 80, 48]"
corn_silk,clipart,"[67, 121, 30]",10209,"[139, 84, 194]",26,"[111, 181, 28]",14630,"[207, 179, 98]",16820,"[236, 186, 40]",32559,"[162, 214, 41]"
concord_grape,clipart,"[41, 18, 74]",3459,"[87, 34, 81]",9127,"[124, 107, 135]",2961,"[78, 136, 49]",662,"[99, 247, 27]",16,"[60, 13, 62]"
chocolate_pudding,clipart,"[116, 61, 36]",10915,"[225, 46, 45]",64,"[146, 82, 248]",4,"[144, 115, 103]",1323,"[176, 194, 199]",1780,"[90, 41, 10]"
ivy,clipart,"[122, 33, 192]",17,"[48, 125, 54]",14890,"[224, 49, 13]",19,"[106, 165, 53]",10851,"[240, 180, 41]",488,"[35, 186, 31]"
frog,clipart,"[69, 21, 159]",9,"[59, 93, 40]",10144,"[79, 140, 39]",8604,"[174, 165, 120]",7657,"[206, 218, 70]",7952,"[112, 175, 48]"
clay,clipart,"[104, 61, 41]",9066,"[7, 8, 248]",2,"[139, 83, 52]",14993,"[248, 8, 8]",13,"[177, 224, 60]",15,"[176, 111, 80]"
coffee_bean,clipart,"[66, 36, 24]",6410,"[122, 73, 46]",10595,"[159, 114, 85]",1409,"[157, 175, 28]",9,"[229, 217, 196]",285,"[89, 41, 25]"
cinnamon,clipart,"[89, 40, 25]",2483,"[7, 8, 248]",2,"[145, 71, 37]",4156,"[223, 144, 74]",2044,"[232, 210, 195]",263,"[193, 111, 45]"
citrus_orange,clipart,"[115, 0, 248]",8,"[59, 147, 98]",1246,"[247, 179, 42]",10514,"[247, 207, 53]",5769,"[248, 236, 182]",6727,"[240, 144, 15]"
cranberry,clipart,"[189, 16, 55]",4367,"[69, 110, 45]",1840,"[147, 0, 248]",5,"[115, 171, 52]",1174,"[230, 200, 208]",1186,"[144, 15, 47]"
grain,clipart,"[43, 23, 189]",24,"[98, 118, 59]",2585,"[171, 109, 54]",8460,"[235, 180, 48]",17357,"[215, 189, 109]",21506,"[190, 200, 56]"
cotton_candy,clipart,"[156, 41, 248]",20,"[203, 119, 72]",631,"[246, 127, 183]",3711,"[88, 229, 240]",702,"[246, 241, 241]",6965,"[240, 175, 208]"
lime_popsicle,clipart,"[123, 16, 247]",21,"[60, 144, 242]",270,"[96, 169, 28]",9873,"[225, 192, 138]",9404,"[165, 246, 13]",11452,"[162, 208, 21]"
citron,clipart,"[72, 33, 230]",15,"[66, 134, 47]",2933,"[245, 184, 12]",3946,"[197, 223, 192]",1379,"[209, 228, 19]",4235,"[240, 207, 15]"
chlorine,clipart,"[43, 96, 139]",1235,"[44, 159, 205]",2923,"[175, 226, 238]",2457,"[247, 229, 81]",141,"[233, 244, 245]",4065,"[111, 207, 240]"
custard,clipart,"[80, 45, 231]",8,"[203, 83, 86]",1241,"[67, 173, 192]",1152,"[245, 230, 158]",6405,"[240, 235, 224]",6958,"[248, 219, 113]"
hydrangea,clipart,"[46, 108, 34]",4266,"[83, 126, 212]",4596,"[107, 155, 207]",6742,"[149, 189, 199]",5097,"[188, 212, 148]",3387,"[71, 155, 16]"
limeade,clipart,"[98, 70, 213]",22,"[73, 153, 49]",4642,"[112, 198, 31]",10435,"[203, 229, 174]",7172,"[224, 236, 236]",10468,"[143, 240, 15]"
coal,clipart,"[13, 13, 14]",21817,"[125, 9, 10]",18,"[7, 8, 248]",1,"[81, 82, 82]",4746,"[220, 220, 220]",711,"[47, 48, 47]"
cheesecake,clipart,"[95, 40, 237]",13,"[185, 95, 46]",15001,"[221, 60, 67]",5873,"[241, 177, 90]",12027,"[247, 239, 200]",5211,"[248, 213, 130]"
chocolate,clipart,"[71, 36, 27]",18104,"[40, 17, 159]",15,"[178, 119, 85]",12176,"[215, 202, 130]",995,"[238, 248, 7]",16,"[144, 80, 48]"
cherry_blossom,clipart,"[114, 55, 39]",12137,"[89, 171, 226]",12446,"[105, 192, 154]",2201,"[242, 154, 189]",31310,"[223, 170, 224]",5319,"[246, 213, 228]"
chocolate_milk,clipart,"[88, 74, 248]",2,"[181, 133, 109]",7800,"[160, 207, 206]",1985,"[233, 196, 61]",333,"[226, 218, 212]",7411,"[138, 73, 57]"
egg,clipart,"[134, 48, 248]",3,"[227, 107, 69]",3568,"[247, 140, 30]",3918,"[66, 190, 126]",399,"[244, 240, 223]",5088,"[240, 207, 15]"
cinder,clipart,"[78, 8, 133]",8,"[172, 55, 43]",1103,"[242, 94, 28]",883,"[245, 218, 48]",586,"[223, 221, 220]",591,"[47, 48, 47]"
onyx,clipart,"[8, 7, 8]",14500,"[90, 90, 92]",4037,"[248, 8, 8]",1,"[157, 157, 157]",1307,"[229, 230, 230]",728,"[37, 40, 40]"
dust,clipart,"[227, 40, 21]",8,"[103, 140, 142]",3394,"[90, 185, 185]",1878,"[190, 220, 120]",17,"[229, 234, 235]",4403,"[183, 184, 184]"
goldenrod,clipart,"[99, 81, 233]",148,"[77, 147, 66]",8746,"[110, 170, 39]",14257,"[242, 177, 20]",5474,"[173, 198, 154]",4652,"[245, 219, 17]"
cucumber,clipart,"[8, 7, 120]",1,"[203, 9, 9]",3,"[56, 123, 23]",7743,"[91, 171, 28]",5625,"[154, 196, 82]",3043,"[16, 79, 15]"
forest,clipart,"[128, 64, 40]",11755,"[47, 137, 68]",16321,"[242, 19, 12]",38,"[104, 188, 58]",5061,"[214, 230, 223]",771,"[16, 79, 47]"
cork,clipart,"[116, 65, 41]",4443,"[134, 0, 248]",3,"[171, 109, 65]",11966,"[188, 107, 63]",8480,"[248, 247, 52]",9,"[207, 144, 79]"
parsnip,clipart,"[13, 30, 231]",4,"[98, 143, 101]",3266,"[118, 165, 59]",9059,"[236, 185, 108]",3945,"[28, 248, 25]",10,"[240, 208, 111]"
lime_peel,clipart,"[98, 49, 231]",8,"[116, 151, 37]",5025,"[131, 181, 25]",7869,"[225, 235, 145]",6954,"[244, 244, 210]",1438,"[175, 208, 16]"
flan,clipart,"[187, 49, 40]",1531,"[228, 134, 45]",6149,"[246, 149, 26]",5917,"[38, 248, 247]",10,"[238, 237, 159]",446,"[246, 181, 85]"
nectarine,clipart,"[148, 0, 191]",7,"[246, 105, 32]",5870,"[245, 158, 41]",7303,"[247, 196, 48]",8830,"[227, 211, 121]",2750,"[248, 22, 7]"
lemon_chiffon,clipart,"[194, 72, 248]",5,"[219, 172, 44]",3864,"[247, 240, 55]",4340,"[240, 238, 232]",5090,"[246, 242, 195]",8749,"[247, 231, 40]"
petroleum,clipart,"[41, 31, 201]",22,"[81, 68, 58]",921,"[56, 112, 145]",354,"[184, 143, 64]",671,"[228, 236, 232]",810,"[239, 176, 15]"
hyacinth,clipart,"[90, 66, 212]",1094,"[129, 107, 222]",5310,"[131, 120, 154]",1685,"[145, 127, 213]",9165,"[150, 158, 103]",266,"[104, 79, 194]"
peanut,clipart,"[99, 54, 35]",3333,"[94, 35, 228]",7,"[190, 130, 80]",14606,"[90, 160, 97]",955,"[241, 248, 85]",20,"[229, 181, 114]"
platinum,clipart,"[7, 8, 248]",1,"[71, 75, 86]",576,"[108, 108, 199]",12,"[152, 154, 171]",687,"[157, 163, 163]",702,"[208, 208, 208]"
raspberry_sorbet,clipart,"[149, 18, 56]",6699,"[92, 124, 51]",362,"[238, 90, 132]",6140,"[111, 179, 21]",981,"[236, 201, 211]",1669,"[240, 15, 80]"
manila_folder,clipart,"[81, 113, 153]",1838,"[235, 172, 74]",18824,"[244, 214, 141]",13650,"[245, 239, 215]",12393,"[244, 244, 245]",18033,"[247, 216, 123]"
sandstorm,clipart,"[98, 136, 83]",60,"[184, 116, 57]",1079,"[247, 151, 20]",2383,"[245, 164, 60]",1770,"[245, 245, 79]",23,"[227, 146, 56]"
cordovan,clipart,"[53, 39, 35]",3685,"[99, 61, 54]",5899,"[57, 45, 214]",4,"[147, 73, 47]",2930,"[176, 149, 141]",2741,"[63, 14, 13]"
lime_sorbet,clipart,"[134, 72, 214]",14,"[77, 165, 22]",4296,"[162, 209, 56]",7557,"[211, 225, 134]",4840,"[218, 233, 214]",2528,"[143, 240, 15]"
jungle,clipart,"[10, 19, 101]",13,"[126, 69, 32]",7196,"[59, 126, 64]",17522,"[92, 161, 49]",13727,"[162, 210, 47]",8877,"[16, 48, 47]"
persimmon,clipart,"[68, 78, 34]",2352,"[132, 0, 231]",13,"[243, 81, 15]",2375,"[166, 171, 94]",903,"[237, 150, 33]",3301,"[247, 121, 8]"
concrete,clipart,"[135, 131, 131]",41416,"[148, 148, 132]",20820,"[152, 152, 152]",29357,"[205, 201, 201]",27278,"[229, 248, 92]",11,"[199, 199, 200]"
jasper,clipart,"[9, 9, 203]",3,"[108, 60, 41]",6264,"[243, 158, 63]",1479,"[226, 206, 181]",2845,"[245, 244, 241]",806,"[240, 112, 47]"
poop,clipart,"[51, 23, 16]",4533,"[85, 41, 25]",8667,"[100, 90, 248]",3,"[180, 123, 85]",6505,"[197, 191, 189]",2089,"[144, 80, 48]"
honeydew,clipart,"[82, 129, 45]",9360,"[189, 98, 59]",2256,"[176, 207, 80]",14291,"[197, 230, 52]",8666,"[228, 227, 181]",2981,"[239, 240, 143]"
soot,clipart,"[9, 8, 7]",16813,"[11, 8, 24]",779,"[116, 115, 116]",487,"[73, 220, 193]",3,"[229, 229, 230]",487,"[40, 40, 39]"
mermaid,clipart,"[139, 44, 86]",5419,"[212, 52, 84]",6381,"[38, 134, 133]",7656,"[80, 201, 168]",11749,"[243, 221, 160]",3643,"[245, 211, 195]"
rosewood,clipart,"[140, 62, 40]",5576,"[137, 0, 221]",5,"[161, 104, 88]",1016,"[149, 138, 132]",711,"[205, 249, 64]",6,"[116, 51, 35]"
copper,clipart,"[7, 8, 248]",1,"[181, 109, 76]",7496,"[236, 182, 147]",6574,"[119, 229, 236]",18,"[248, 247, 22]",23,"[244, 136, 88]"
desert_sand,clipart,"[198, 119, 71]",3947,"[205, 141, 91]",19563,"[222, 143, 71]",8311,"[248, 203, 119]",3643,"[248, 248, 8]",7,"[239, 176, 111]"
fungus,clipart,"[7, 8, 248]",2,"[195, 56, 55]",2228,"[204, 164, 123]",5404,"[172, 202, 79]",42,"[243, 230, 191]",5416,"[247, 77, 71]"
fawn,clipart,"[79, 48, 39]",7551,"[147, 73, 49]",10424,"[132, 166, 60]",159,"[217, 162, 126]",7931,"[238, 225, 191]",11317,"[208, 117, 69]"
chiffon,clipart,"[154, 93, 81]",6335,"[247, 8, 7]",6,"[105, 175, 167]",22465,"[197, 157, 152]",17006,"[178, 232, 97]",42,"[149, 195, 195]"
flora,clipart,"[86, 31, 227]",13,"[75, 127, 99]",2128,"[244, 94, 48]",1077,"[158, 205, 93]",4898,"[230, 236, 217]",3459,"[240, 208, 47]"
sunset,clipart,"[34, 63, 95]",3237,"[171, 48, 248]",8,"[108, 131, 152]",3013,"[216, 160, 124]",1584,"[248, 209, 123]",2139,"[248, 245, 139]"
cornflower,clipart,"[65, 70, 231]",2016,"[96, 99, 195]",10233,"[98, 107, 239]",12086,"[169, 167, 176]",1953,"[197, 178, 76]",1362,"[111, 144, 240]"
squirrel,clipart,"[109, 63, 52]",9408,"[188, 60, 214]",4,"[129, 158, 47]",64,"[219, 181, 153]",4961,"[245, 237, 207]",9775,"[207, 112, 80]"
granny_smith_apple,clipart,"[115, 61, 23]",1975,"[96, 41, 223]",16,"[114, 141, 29]",8912,"[132, 175, 21]",22902,"[227, 232, 147]",5429,"[175, 208, 16]"
tulip,clipart,"[173, 10, 173]",4,"[241, 125, 133]",836,"[243, 173, 88]",684,"[244, 217, 199]",201,"[198, 249, 52]",4,"[241, 79, 64]"
putty,clipart,"[166, 84, 139]",426,"[143, 107, 76]",2946,"[186, 165, 189]",225,"[202, 175, 127]",5751,"[224, 170, 99]",2808,"[246, 211, 121]"
lips,clipart,"[78, 115, 118]",233,"[174, 0, 248]",11,"[192, 89, 108]",3367,"[235, 65, 113]",3116,"[240, 203, 210]",2097,"[245, 45, 98]"
pig,clipart,"[197, 31, 224]",17,"[238, 102, 120]",20294,"[233, 130, 140]",19299,"[130, 179, 80]",140,"[244, 217, 212]",6773,"[240, 175, 175]"
slug,clipart,"[7, 8, 248]",2,"[200, 76, 66]",2069,"[133, 123, 123]",576,"[188, 108, 70]",2912,"[247, 123, 19]",689,"[247, 117, 62]"
toast,clipart,"[135, 59, 197]",6,"[215, 130, 36]",1445,"[223, 232, 236]",10859,"[245, 235, 180]",6064,"[244, 241, 219]",6906,"[248, 186, 16]"
iguana,clipart,"[56, 31, 151]",64,"[86, 108, 73]",11069,"[175, 110, 71]",1932,"[87, 150, 70]",12798,"[214, 194, 94]",4034,"[145, 188, 27]"
silver,clipart,"[76, 4, 160]",3,"[131, 131, 147]",4931,"[136, 139, 139]",11055,"[181, 249, 80]",4,"[247, 247, 247]",3692,"[175, 175, 175]"
pineapple,clipart,"[81, 30, 147]",91,"[35, 108, 60]",15289,"[73, 164, 57]",16556,"[227, 129, 21]",20750,"[240, 217, 22]",10372,"[239, 176, 15]"
jam,clipart,"[218, 51, 73]",6218,"[234, 159, 82]",3135,"[247, 208, 90]",4414,"[230, 222, 219]",5438,"[245, 227, 174]",7282,"[176, 15, 48]"
chambray,clipart,"[57, 47, 188]",47,"[248, 8, 8]",4,"[93, 130, 180]",25595,"[107, 138, 169]",46172,"[203, 203, 9]",3,"[144, 175, 208]"
mold,clipart,"[86, 87, 88]",8215,"[247, 8, 248]",1,"[136, 143, 142]",11876,"[55, 186, 155]",3202,"[86, 215, 198]",3134,"[184, 183, 184]"
shrimp,clipart,"[30, 35, 155]",84,"[123, 43, 37]",4229,"[195, 47, 25]",9108,"[115, 148, 153]",1445,"[233, 151, 107]",3168,"[240, 80, 15]"
heather,clipart,"[121, 51, 213]",21,"[160, 136, 179]",2071,"[99, 163, 140]",2911,"[188, 186, 169]",4838,"[223, 247, 42]",33,"[167, 183, 118]"
turnip,clipart,"[197, 15, 86]",2346,"[186, 8, 233]",10,"[91, 135, 46]",2912,"[146, 189, 56]",4989,"[170, 184, 173]",1162,"[240, 37, 106]"
vanilla,clipart,"[107, 63, 231]",8,"[110, 186, 91]",297,"[246, 213, 106]",2924,"[242, 216, 148]",17896,"[242, 241, 235]",4009,"[247, 236, 189]"
terra,clipart,"[67, 77, 72]",393,"[140, 131, 125]",1724,"[138, 199, 234]",625,"[248, 247, 8]",1,"[244, 246, 246]",905,"[199, 200, 184]"
soap,clipart,"[98, 42, 248]",16,"[74, 161, 139]",3334,"[212, 132, 36]",4007,"[132, 207, 154]",4211,"[233, 188, 104]",16177,"[245, 232, 185]"
sewage,clipart,"[73, 57, 248]",6,"[79, 125, 139]",7295,"[167, 141, 70]",748,"[184, 191, 195]",7970,"[7, 248, 8]",2,"[80, 175, 175]"
strawberry,clipart,"[118, 17, 182]",28,"[49, 126, 30]",8156,"[231, 151, 38]",2923,"[114, 205, 22]",9094,"[233, 190, 176]",1262,"[248, 10, 7]"
sunburn,clipart,"[46, 25, 217]",13,"[225, 103, 37]",1227,"[108, 193, 198]",1529,"[247, 182, 39]",6849,"[238, 235, 194]",2063,"[247, 231, 31]"
parakeet,clipart,"[69, 132, 51]",15005,"[225, 74, 93]",1351,"[185, 117, 80]",2007,"[146, 164, 168]",2717,"[136, 199, 32]",20890,"[247, 231, 33]"
leaves,clipart,"[7, 8, 248]",19,"[209, 94, 220]",34,"[104, 172, 80]",20047,"[221, 148, 48]",1770,"[76, 191, 49]",26469,"[149, 183, 70]"
meadow,clipart,"[59, 123, 44]",9180,"[86, 168, 49]",35963,"[182, 220, 128]",13955,"[205, 231, 85]",12320,"[165, 245, 59]",20410,"[128, 221, 39]"
peach,clipart,"[192, 65, 55]",731,"[80, 138, 50]",1149,"[247, 176, 73]",2619,"[50, 227, 45]",7,"[246, 212, 110]",2401,"[247, 82, 70]"
yam,clipart,"[23, 41, 248]",6,"[109, 153, 49]",1884,"[240, 124, 46]",10469,"[56, 174, 155]",644,"[230, 141, 72]",21670,"[247, 173, 94]"
pollen,clipart,"[43, 32, 181]",104,"[120, 132, 56]",1404,"[82, 153, 141]",747,"[243, 173, 27]",6285,"[239, 237, 219]",959,"[240, 207, 15]"
pickle,clipart,"[37, 81, 23]",6066,"[64, 131, 19]",15824,"[142, 149, 150]",105,"[96, 217, 21]",2358,"[167, 207, 67]",3144,"[111, 176, 15]"
vine,clipart,"[79, 34, 155]",56,"[116, 74, 49]",3609,"[68, 112, 51]",9490,"[89, 155, 57]",11517,"[162, 148, 76]",2212,"[128, 181, 56]"
weed,clipart,"[69, 29, 165]",214,"[60, 105, 57]",5648,"[112, 158, 185]",658,"[160, 212, 44]",6516,"[43, 248, 7]",31,"[114, 184, 30]"
freesia,clipart,"[7, 8, 248]",16,"[74, 125, 50]",11325,"[169, 101, 219]",34,"[92, 161, 42]",13166,"[242, 173, 19]",6249,"[247, 220, 15]"
poppy,clipart,"[26, 24, 46]",234,"[206, 99, 93]",1122,"[245, 63, 12]",6313,"[115, 172, 57]",52,"[246, 148, 38]",616,"[245, 52, 35]"
noon_sky,clipart,"[45, 83, 140]",6108,"[134, 0, 248]",6,"[60, 142, 193]",11144,"[150, 218, 195]",16320,"[201, 232, 166]",5501,"[80, 175, 208]"
raspberry_sherbet,clipart,"[208, 46, 89]",8615,"[62, 133, 197]",183,"[111, 184, 26]",736,"[246, 166, 193]",2009,"[242, 231, 234]",1653,"[241, 35, 99]"
swamp,clipart,"[42, 43, 185]",46,"[72, 115, 66]",5933,"[100, 145, 50]",10219,"[81, 152, 155]",5845,"[51, 248, 9]",55,"[130, 180, 49]"
rock,clipart,"[106, 15, 153]",10,"[149, 9, 10]",14,"[112, 102, 102]",19952,"[145, 130, 122]",18462,"[124, 151, 42]",15,"[93, 77, 77]"
peony,clipart,"[167, 48, 214]",28,"[230, 75, 127]",7673,"[139, 152, 48]",4582,"[242, 130, 170]",8842,"[233, 230, 229]",1916,"[247, 190, 206]"
terracotta,clipart,"[74, 35, 28]",303,"[7, 8, 248]",2,"[156, 78, 47]",4641,"[186, 74, 40]",1787,"[111, 140, 63]",36,"[219, 106, 61]"
ketchup,clipart,"[67, 74, 242]",215,"[244, 31, 26]",8805,"[65, 152, 104]",790,"[241, 178, 53]",940,"[231, 208, 196]",8567,"[226, 13, 13]"
diarrhea,clipart,"[9, 9, 203]",3,"[189, 96, 90]",1240,"[222, 99, 96]",956,"[7, 248, 8]",1,"[237, 237, 233]",627,"[242, 148, 132]"
snow,clipart,"[7, 8, 248]",4,"[141, 139, 248]",16,"[131, 182, 211]",3623,"[204, 225, 243]",20508,"[247, 247, 247]",7961,"[232, 247, 247]"
spring_leaf,clipart,"[41, 13, 170]",44,"[61, 78, 26]",2118,"[73, 139, 37]",8792,"[140, 185, 181]",413,"[146, 207, 16]",5091,"[111, 176, 15]"
wolf,clipart,"[34, 13, 124]",22,"[124, 126, 123]",16062,"[72, 224, 44]",15,"[232, 223, 201]",20560,"[229, 228, 228]",6279,"[79, 79, 79]"
storm_cloud,clipart,"[81, 1, 248]",8,"[21, 107, 247]",853,"[162, 208, 242]",2671,"[253, 228, 94]",9,"[246, 246, 247]",18185,"[226, 241, 241]"
petrol,clipart,"[7, 8, 248]",2,"[213, 77, 45]",799,"[39, 169, 101]",1424,"[234, 175, 40]",1685,"[199, 206, 208]",7170,"[54, 56, 56]"
marine,clipart,"[58, 7, 242]",15,"[26, 82, 147]",4377,"[200, 75, 65]",3384,"[209, 158, 104]",5226,"[193, 195, 193]",7075,"[34, 72, 104]"
grass,clipart,"[45, 155, 16]",46386,"[228, 134, 248]",15,"[146, 243, 70]",43970,"[178, 241, 134]",14009,"[217, 244, 204]",8561,"[83, 220, 13]"
rust,clipart,"[117, 55, 34]",3390,"[95, 2, 221]",5,"[232, 88, 13]",1116,"[187, 145, 114]",804,"[196, 203, 198]",378,"[188, 73, 21]"
school_bus,clipart,"[62, 64, 67]",18732,"[83, 40, 179]",43,"[150, 110, 54]",10917,"[99, 161, 178]",12492,"[235, 147, 28]",19162,"[245, 191, 64]"
tomato_bisque,clipart,"[161, 69, 24]",1057,"[101, 130, 28]",552,"[243, 161, 72]",1778,"[232, 217, 207]",4705,"[226, 244, 36]",74,"[239, 112, 15]"
vanilla_bean,clipart,"[7, 8, 248]",1,"[110, 73, 55]",1373,"[247, 8, 7]",3,"[68, 176, 200]",116,"[158, 235, 48]",7,"[75, 50, 34]"
sunrise,clipart,"[88, 98, 248]",4,"[247, 8, 248]",3,"[247, 115, 61]",1681,"[247, 175, 78]",2377,"[247, 211, 76]",3830,"[248, 237, 134]"
cookie,clipart,"[131, 67, 44]",22090,"[51, 127, 202]",99,"[60, 143, 99]",672,"[198, 122, 66]",29208,"[247, 205, 122]",8943,"[245, 178, 96]"
shamrock,clipart,"[170, 46, 228]",25,"[27, 130, 53]",10093,"[23, 217, 40]",7271,"[198, 215, 204]",1185,"[50, 245, 13]",2818,"[41, 178, 72]"
tuna,clipart,"[24, 42, 67]",3778,"[48, 8, 131]",14,"[181, 207, 125]",238,"[222, 225, 218]",4333,"[241, 226, 198]",1527,"[55, 86, 101]"
mucus,clipart,"[89, 61, 57]",745,"[240, 56, 15]",8,"[234, 181, 145]",763,"[166, 221, 207]",3605,"[233, 238, 237]",2834,"[56, 216, 216]"
piglet,clipart,"[186, 51, 232]",17,"[239, 103, 122]",11762,"[242, 141, 153]",17130,"[140, 233, 90]",44,"[218, 214, 209]",2415,"[240, 208, 208]"
slime,clipart,"[126, 24, 231]",8,"[31, 108, 72]",3945,"[41, 142, 62]",9893,"[102, 227, 44]",2146,"[208, 214, 203]",1568,"[48, 207, 79]"
turtle,clipart,"[57, 83, 45]",11041,"[119, 105, 70]",4580,"[95, 134, 57]",16831,"[187, 161, 95]",2806,"[155, 201, 47]",4049,"[144, 183, 62]"
sand,clipart,"[248, 8, 8]",4,"[218, 172, 124]",9720,"[236, 174, 110]",21714,"[243, 179, 99]",14480,"[247, 220, 191]",1006,"[247, 202, 121]"
plaster,clipart,"[101, 107, 176]",81,"[168, 176, 180]",6730,"[52, 221, 66]",5,"[247, 185, 103]",368,"[245, 246, 246]",34890,"[232, 231, 232]"
foliage,clipart,"[113, 26, 201]",25,"[95, 154, 85]",39513,"[106, 207, 32]",9304,"[160, 200, 69]",9131,"[219, 234, 213]",6510,"[112, 175, 48]"
water,clipart,"[28, 66, 148]",60,"[248, 8, 8]",2,"[38, 156, 220]",1714,"[74, 213, 237]",6234,"[207, 237, 244]",4335,"[80, 175, 208]"
corn_field,clipart,"[53, 89, 29]",38632,"[140, 63, 221]",33,"[91, 144, 44]",67429,"[224, 198, 51]",18818,"[183, 214, 186]",4951,"[143, 208, 15]"
zinc,clipart,"[89, 90, 94]",8226,"[248, 8, 8]",4,"[132, 134, 138]",10607,"[238, 239, 240]",3989,"[248, 247, 8]",1,"[175, 175, 175]"
meat,clipart,"[160, 41, 46]",16629,"[228, 133, 117]",12581,"[243, 187, 162]",11039,"[247, 218, 190]",5894,"[197, 248, 117]",8,"[208, 79, 79]"
sienna,clipart,"[146, 68, 51]",3508,"[215, 71, 59]",2248,"[85, 133, 164]",1329,"[232, 169, 77]",2046,"[194, 191, 187]",5284,"[47, 48, 47]"
olive_tree,clipart,"[61, 46, 186]",29,"[117, 63, 30]",14109,"[69, 91, 51]",7614,"[122, 164, 40]",18211,"[40, 248, 19]",18,"[75, 116, 35]"
suede,clipart,"[11, 10, 173]",4,"[78, 53, 35]",1683,"[175, 101, 55]",4027,"[178, 109, 42]",2755,"[200, 166, 132]",529,"[152, 85, 32]"
winter_mint,clipart,"[55, 30, 173]",45,"[53, 112, 60]",10601,"[71, 145, 55]",12394,"[231, 87, 102]",1168,"[171, 167, 158]",680,"[102, 175, 30]"
soil,clipart,"[84, 46, 31]",24139,"[136, 82, 51]",35615,"[89, 108, 36]",2807,"[246, 8, 8]",50,"[100, 166, 37]",3361,"[125, 77, 44]"
night_sky,clipart,"[20, 49, 89]",85024,"[30, 59, 126]",29864,"[44, 79, 191]",9591,"[171, 87, 149]",2786,"[45, 130, 165]",22418,"[11, 21, 69]"
mildew,clipart,"[26, 19, 172]",14,"[132, 156, 59]",21284,"[86, 165, 72]",8819,"[230, 180, 107]",10004,"[112, 221, 46]",2417,"[112, 173, 60]"
summer_grass,clipart,"[43, 153, 14]",53043,"[173, 191, 231]",693,"[174, 230, 127]",17796,"[162, 241, 92]",33358,"[166, 235, 196]",5671,"[80, 207, 16]"
wood,clipart,"[134, 82, 50]",33637,"[248, 8, 8]",8,"[171, 126, 74]",22411,"[102, 157, 34]",200,"[85, 168, 167]",180,"[172, 111, 63]"
sandpaper,clipart,"[249, 92, 248]",3,"[136, 200, 120]",10038,"[245, 208, 104]",32590,"[245, 216, 70]",51861,"[247, 220, 25]",18344,"[245, 179, 67]"
summer_sky,clipart,"[87, 1, 248]",7,"[45, 160, 231]",4056,"[137, 212, 213]",50767,"[96, 221, 204]",9007,"[230, 237, 205]",18064,"[79, 208, 240]"